type,Tau_PT_sum,Tau_PT_dif,Tau_PT_1,Tau_PT_2,Tau_Mass_sum,Tau_Mass_dif,Tau_Mass_1,Tau_Mass_2,Tau_Ener_sum,Tau_Ener_1,Tau_Ener_2,Tau_Eta_dif,Tau_Eta_1,Tau_Eta_2,Tau_Phi_dif,Tau_Phi_1,Tau_Phi_2,Miss_MET,Jet_PT_sum,Jet_PT_dif,Jet_PT_1,Jet_PT_2,Jet_Mass_sum,Jet_Mass_dif,Jet_Mass_1,Jet_Mass_2,Jet_Ener_sum,Jet_Ener_1,Jet_Ener_2,Jet_Eta_dif,Jet_Eta_1,Jet_Eta_2,Jet_Phi_dif,Jet_Phi_1,Jet_Phi_2
0,139.671,119.501,129.586,10.0851,2.21457,-2.21456,3.8147e-06,2.21456,240.747,220.278,20.4693,-0.204008,1.12313,1.32714,-1.41965,-2.35553,-0.935884,137.158,280.532,235.123,257.828,22.7044,20.3658,10.1424,15.2541,5.11166,450.631,422.171,28.4599,-1.74574,-1.07554,0.670196,1.25197,0.797014,-0.454956
0,157.946,73.3134,115.63,42.3163,10.3194,6.5964,8.45791,1.86152,178.285,125.656,52.6293,-0.275999,0.407651,0.683649,3.87833,1.23406,-2.64427,59.1178,98.8722,72.4825,85.6773,13.1948,12.2231,10.3574,11.2902,0.932859,711.974,698.731,13.2433,2.83643,2.78791,-0.048514,0.384833,-1.47385,-1.85868
0,171.152,151.944,161.548,9.60425,17.9891,17.4623,17.7257,0.263388,232.908,184.854,48.0532,-1.77177,0.521325,2.2931,0.864321,-1.47739,-2.34171,53.7962,130.36,81.1115,105.736,24.6242,18.2984,6.72817,12.5133,5.78511,261.923,235.982,25.9407,1.67151,1.43993,-0.231577,-0.893573,1.80924,2.70282
0,116.899,95.5599,106.23,10.6696,1.89604,-1.89604,-2.33602e-06,1.89604,172.136,120.914,51.222,2.77011,0.519922,-2.25019,1.72335,2.8103,1.08695,38.2365,148.826,57.1833,103.005,45.8216,21.5276,2.17251,11.8501,9.67754,386.29,237.864,148.426,3.31963,1.47812,-1.84151,-0.103025,-0.35756,-0.254535
0,95.3434,68.8953,82.1193,13.2241,17.0252,10.8489,13.9371,3.08814,266.446,250.364,16.0822,1.16572,1.77819,0.612478,-2.72694,-2.48629,0.240655,81.6326,90.8989,63.1662,77.0325,13.8664,11.0503,5.16107,8.10568,2.94461,831.588,817.245,14.3434,3.20971,3.05258,-0.157127,2.89075,1.7559,-1.13485
0,148.787,94.9144,121.851,26.9362,11.2049,4.02833,7.61664,3.58831,562.959,533.592,29.367,-1.75415,-2.15658,-0.402432,-0.712612,1.51489,2.22751,105.64,63.0939,41.8731,52.4835,10.6104,10.2789,5.47212,7.87552,2.40341,169.799,152.886,16.9132,-2.75908,-1.73007,1.02902,-1.21559,-0.66004,0.555551
0,140.839,12.9354,76.8872,63.9518,19.9694,-14.822,2.57374,17.3957,155.069,86.705,68.3642,-0.758477,-0.49917,0.259307,-1.9749,0.582012,2.55691,40.599,151.556,134.415,142.986,8.57052,11.5758,8.47877,10.0273,1.54851,192.829,183.548,9.2812,1.10013,0.734093,-0.366035,-3.20528,-1.2014,2.00388
0,90.4034,64.8891,77.6462,12.7572,6.70439,-1.33841,2.68299,4.0214,158.858,115.85,43.0086,0.926205,-0.954892,-1.8811,-0.809955,-0.730255,0.0797005,30.7025,654.219,32.8126,343.516,310.703,77.6852,25.5996,51.6424,26.0428,2421.49,1594.48,827.017,3.85015,2.21587,-1.63428,-3.41875,-1.154,2.26476
0,157.519,72.2868,114.903,42.6162,26.3156,20.182,23.2488,3.06682,195.378,117.347,78.0319,-1.16726,0.0452145,1.21247,-2.44106,-2.16228,0.278787,65.5339,217.305,116.677,166.991,50.3144,24.9981,8.02702,16.5126,8.48556,245.205,169.015,76.19,-1.08734,-0.120581,0.966756,3.29511,0.83245,-2.46266
0,110.112,81.7957,95.9539,14.1582,2.90501,-0.943705,0.980653,1.92436,133.466,119.168,14.2979,0.645385,0.682234,0.0368486,-1.61243,0.697792,2.31022,88.1877,194.382,55.1624,124.772,69.6097,21.0563,0.527283,10.7918,10.2645,410.209,127.568,282.641,-2.27155,-0.193328,2.07822,2.0798,-0.768027,-2.84783
0,98.0393,77.5526,87.796,10.2433,9.16063,4.23024,6.69543,2.46519,100.967,90.0407,10.9259,0.0660299,-0.212804,-0.278834,0.824583,0.580383,-0.2442,85.8395,138.6,119.889,129.244,9.35544,24.4204,22.621,23.5207,0.899729,148.498,138.931,9.56714,-0.533039,-0.343082,0.189957,-2.01087,-3.03517,-1.0243
0,78.6106,55.9955,67.3031,11.3076,6.45651,0.749386,3.60295,2.85356,148.994,77.6245,71.3694,1.98359,-0.544808,-2.5284,5.04013,2.4282,-2.61193,42.1294,112.281,83.8831,98.0819,14.1988,10.2334,4.4307,7.33203,2.90133,220.166,128.067,92.0998,3.31708,0.760715,-2.55636,-3.68582,-1.02657,2.65924
0,80.4496,41.7887,61.1192,19.3305,5.44271,-1.95642,1.74314,3.69957,314.845,234.793,80.0525,-4.11975,-2.02161,2.09814,-0.183962,-1.9291,-1.74514,227.6,709.67,22.8335,366.252,343.418,46.9615,-7.18781,19.8868,27.0746,1236.46,432.685,803.779,2.08534,0.591566,-1.49377,2.3703,2.74089,0.370588
0,130.898,112.729,121.813,9.08446,4.01436,0.653895,2.33413,1.68023,251.278,242.003,9.27532,1.39988,1.30917,-0.0907023,-1.42688,0.990979,2.41786,54.5729,223.454,45.5194,134.487,88.9672,20.7561,10.5499,15.653,5.10311,478.104,180.253,297.851,-2.67575,-0.797527,1.87823,-1.6072,-2.9019,-1.2947
0,112.349,12.1354,62.242,50.1066,15.1494,15.1494,15.1494,2.6974e-06,225.606,106.543,119.063,0.391985,-1.11912,-1.5111,-1.98229,-3.02112,-1.03883,32.9239,82.5288,63.3434,72.9361,9.59272,11.5116,6.44077,8.9762,2.53543,214.475,194.502,19.9732,-2.98954,-1.63569,1.35385,-1.83117,1.08984,2.92101
0,98.0511,62.7129,80.382,17.6691,6.90264,-1.11831,2.89216,4.01047,247.448,226.433,21.0153,1.12457,1.69561,0.571041,-2.75385,-2.28438,0.469467,256.814,536.831,167.015,351.923,184.908,62.0639,23.0307,42.5473,19.5166,1225.05,709.496,515.552,3.00803,1.3241,-1.68393,-1.96287,0.192749,2.15562
0,70.6998,52.4103,61.555,9.14478,3.77544,0.18384,1.97964,1.7958,107.489,77.6903,29.7989,-1.13953,0.708572,1.8481,-2.03269,0.234091,2.26678,81.6091,94.6773,72.6282,83.6528,11.0246,23.5347,20.4166,21.9756,1.55907,326.153,147.713,178.44,4.63239,1.15612,-3.47627,5.31352,2.48091,-2.83261
0,169.995,105.875,137.935,32.0602,19.6755,17.3474,18.5115,1.16406,225.745,192.421,33.3244,0.577549,0.85522,0.277671,2.87629,-0.20109,-3.07738,31.6584,137.567,96.8031,117.185,20.382,29.3725,19.7946,24.5835,4.78892,373.854,352.211,21.6434,-2.02805,-1.76213,0.265919,3.32579,2.9825,-0.343287
0,95.4505,54.5117,74.9811,20.4694,17.3146,9.88283,13.5987,3.7159,952.424,847.133,105.292,0.794943,3.11567,2.32073,3.86203,1.41962,-2.4424,110.177,339.316,246.63,292.973,46.3433,38.1068,27.0873,32.597,5.50977,829.333,378.724,450.609,-3.70663,-0.741691,2.96494,-3.40129,-2.49571,0.905575
0,220.669,129.712,175.19,45.4785,17.6704,12.1035,14.887,2.78348,888.555,842.954,45.6011,2.21244,2.25305,0.0406113,2.34645,1.26055,-1.0859,112.992,77.6633,35.8165,56.7399,20.9234,9.1856,1.98728,5.58644,3.59916,99.6829,78.0819,21.601,1.0277,0.838482,-0.189221,-2.57346,-2.34043,0.233033
0,86.1439,37.0869,61.6154,24.5285,7.83235,-3.97085,1.93075,5.9016,172.826,63.4312,109.395,-2.4142,-0.240227,2.17397,-0.47955,1.73312,2.21267,46.8915,91.1019,60.4209,75.7614,15.3405,18.7982,11.5949,15.1965,3.60161,856.612,834.099,22.5137,4.00472,3.08967,-0.915049,0.113582,-1.46282,-1.5764
0,75.1588,52.6131,63.8859,11.2728,9.86382,6.43229,8.14805,1.71577,128.493,72.9357,55.5576,1.7642,-0.513024,-2.27723,-1.04012,-1.21419,-0.174072,35.0076,76.0077,52.1299,64.0688,11.9389,9.64603,6.11705,7.88154,1.76449,80.9286,67.1393,13.7893,0.817374,0.284278,-0.533096,2.84517,2.68804,-0.157128
0,194.916,154.405,174.66,20.2553,33.0788,29.7327,31.4057,1.67304,1713.58,1693.05,20.5267,2.82026,2.96175,0.141489,-3.30048,-0.520039,2.78044,52.7278,182.039,164.73,173.385,8.65465,27.1652,23.4959,25.3305,1.83467,234.641,218.189,16.4524,1.94345,0.693013,-1.25044,0.64588,2.95683,2.31095
0,206.217,172.644,189.431,16.7869,13.7035,10.5447,12.1241,1.57938,405.535,356.806,48.7288,0.480893,-1.24628,-1.72718,-2.61054,0.313347,2.92389,100.991,265.74,139.729,202.735,63.0054,27.3143,12.7958,20.055,7.25922,982.275,917.284,64.9908,2.41337,2.18998,-0.223395,-1.34426,-2.94203,-1.59777
0,107.61,37.1411,72.3753,35.2342,9.50439,-4.39187,2.55626,6.94813,141.322,72.9601,68.3615,1.39774,0.122081,-1.27566,-2.82627,-2.46074,0.365537,33.339,102.006,42.6825,72.3444,29.6618,23.2412,8.76044,16.0008,7.24037,422.717,218.221,204.496,4.38358,1.76568,-2.6179,0.399374,0.944728,0.545354
0,102.43,37.6737,70.0519,32.3782,12.8561,-0.0652137,6.39544,6.46066,212.162,70.8957,141.266,2.02607,-0.12576,-2.15183,-1.6647,0.717601,2.3823,343.574,407.328,372.881,390.105,17.2232,19.5075,12.4652,15.9863,3.52115,730.346,682.486,47.8605,-2.83632,-1.15812,1.6782,0.57838,-2.49052,-3.0689
0,141.097,97.124,119.11,21.9863,25.9835,24.4213,25.2024,0.781072,269.192,178.383,90.8093,-1.14976,0.946702,2.09646,1.78253,1.44435,-0.338182,72.0217,143.844,84.7459,114.295,29.5489,11.7681,3.496,7.63207,4.13607,667.63,633.436,34.1947,2.93606,2.39721,-0.53885,-3.17271,-1.85521,1.3175
0,108.176,37.2238,72.6998,35.476,9.04425,-4.43863,2.30281,6.74144,453.634,376.475,77.1583,-3.73641,-2.32819,1.40822,-3.45564,-1.6643,1.79134,233.84,253.844,197.403,225.624,28.2207,19.7611,6.12743,12.9443,6.81686,315.604,286.264,29.34,-0.865614,-0.716002,0.149612,0.307138,1.02751,0.720374
0,261.335,168.253,214.794,46.5409,17.3728,17.3728,17.3728,-1.16801e-06,270.721,222.887,47.8338,-0.497177,-0.262008,0.235169,-3.02426,-0.648374,2.37589,258.052,160.916,73.8802,117.398,43.5179,21.2616,4.24423,12.7529,8.50869,407.22,163.167,244.053,3.26087,0.852171,-2.4087,1.38997,-1.17951,-2.56948
0,242.445,160.763,201.604,40.8411,32.9428,30.4394,31.6911,1.25171,298.442,256.741,41.7007,-0.91378,-0.711208,0.202572,2.68514,1.16914,-1.516,111.912,111.586,43.6948,77.6406,33.9458,18.2352,1.99184,10.1135,8.12165,307.213,143.998,163.215,3.47692,1.22573,-2.25119,-4.28625,-2.07846,2.20779
0,101.665,61.2865,81.4756,20.1891,3.83177,-3.83176,5.3948e-06,3.83177,304.575,277.241,27.3333,-2.69884,-1.8954,0.803434,1.00118,-1.99277,-2.99395,57.7055,236.075,7.67774,121.877,114.199,25.3975,-9.99366,7.70191,17.6956,481.229,208.533,272.696,2.64456,1.13037,-1.5142,-2.00094,0.470783,2.47172
0,110.292,32.9391,71.6155,38.6764,13.4319,8.11996,10.7759,2.65599,310.26,266.43,43.8295,-2.49425,-1.98753,0.50672,2.51913,2.82311,0.303977,75.5397,84.5594,33.387,58.9732,25.5862,7.47136,-1.62215,2.9246,4.54675,433.262,85.2958,347.966,4.21375,0.91199,-3.30176,0.0226659,-1.13716,-1.15982
0,151.543,48.1651,99.8541,51.689,7.85563,2.82592,5.34078,2.51485,997.573,752.765,244.808,0.471748,2.70874,2.23699,-2.43368,-0.212842,2.22084,63.5495,96.0044,10.3612,53.1828,42.8216,14.0364,-3.01635,5.51003,8.52637,407.55,99.2279,308.322,3.89593,1.23392,-2.66201,2.42218,-0.538931,-2.96111
0,157.01,117.753,137.381,19.6284,20.5925,10.4856,15.539,5.05348,293.338,226.086,67.2515,0.819903,-1.07974,-1.89964,-0.311368,-0.165445,0.145923,99.1635,342.337,170.471,256.404,85.9332,32.9565,11.0364,21.9964,10.96,881.815,782.205,99.61,-2.32489,-1.78008,0.544812,2.47098,2.92371,0.452728
0,98.7096,39.4507,69.0802,29.6295,12.0246,6.7899,9.40727,2.61737,118.744,69.8855,48.8585,1.15341,0.0699843,-1.08343,-0.351446,-0.128285,0.223161,58.2041,159.136,131.311,145.224,13.9125,19.3741,16.501,17.9375,1.43654,168.197,154.144,14.0528,0.425668,0.327808,-0.0978599,0.371984,2.90359,2.53161
0,107.967,44.4611,76.214,31.753,6.94865,6.94865,6.94865,0,165.676,111.798,53.8784,-0.191339,0.929559,1.1209,4.15191,1.01571,-3.1362,50.6559,87.3282,67.1687,77.2485,10.0798,13.8005,11.074,12.4373,1.36324,172.48,81.7391,90.7411,3.18896,0.301549,-2.88741,-3.40504,-2.25931,1.14573
0,79.972,49.4981,64.7351,15.237,4.54423,-0.615765,1.96423,2.57999,130.492,68.7365,61.756,2.42473,0.348598,-2.07614,2.29867,2.42447,0.125799,50.9101,145.417,112.81,129.114,16.3039,9.39676,1.55129,5.47403,3.92274,283.176,182.904,100.271,3.38531,0.883141,-2.50217,-2.36235,-0.973575,1.38877
0,242.639,149.186,195.913,46.7268,8.67183,8.67183,8.67183,1.3487e-06,496.745,408.008,88.7372,0.106512,1.36313,1.25662,-1.75327,-1.53892,0.214353,36.6317,224.765,199.335,212.05,12.715,17.2099,11.4206,14.3152,2.89466,274.593,259.207,15.3861,1.25717,0.652479,-0.604695,-0.414875,1.75335,2.16823
0,142.842,46.601,94.7215,48.1205,18.1399,-2.68984,7.72505,10.4149,1190.09,1098.8,91.2984,-1.89449,-3.14229,-1.2478,-2.58924,0.181664,2.7709,37.5526,340.682,105.48,223.081,117.601,41.5116,-18.785,11.3633,30.1483,453.814,326.784,127.03,1.24224,0.929485,-0.31276,1.95706,-1.00061,-2.95766
0,200.521,132.535,166.528,33.9932,27.6663,18.981,23.3237,4.34261,303.03,266.239,36.791,0.656778,1.04103,0.384256,0.165885,1.08237,0.916488,135.778,178.376,113.601,145.988,32.3877,44.9937,24.3302,34.662,10.3318,212.734,153.968,58.7666,-1.41798,-0.234335,1.18365,-4.51215,-2.49743,2.01472
0,113.781,46.5184,80.1496,33.6313,16.6725,13.2334,14.953,1.71955,133.641,83.3639,50.2772,1.17226,0.215152,-0.957108,0.173152,-2.82143,-2.99458,59.1315,101.202,32.6006,66.9015,34.3009,12.5833,-1.05938,5.76198,6.82137,107.855,71.7386,36.1161,-0.628864,-0.36895,0.259914,-1.48305,-0.0970904,1.38596
0,245.096,6.37468,125.735,119.361,26.0489,7.26476,16.6568,9.39206,435.812,137.307,298.505,-1.15966,0.406981,1.56664,5.47855,2.45078,-3.02778,132.327,833.971,98.3754,466.173,367.798,77.7017,52.655,65.1784,12.5233,1032.05,597.316,434.734,1.31765,0.723909,-0.59374,2.68556,0.0614361,-2.62412
0,78.7807,44.209,61.4949,17.2859,6.3861,-1.75981,2.31315,4.07296,160.795,61.6399,99.1549,-2.37394,0.0574619,2.4314,2.48033,3.02668,0.546351,92.1427,250.584,127.648,189.116,61.4681,50.2971,21.1373,35.7172,14.5799,538.606,307.922,230.684,-3.056,-1.06064,1.99536,-2.17411,-1.06848,1.10564
0,93.5381,74.6682,84.1031,9.43493,7.60194,3.96186,5.7819,1.82004,100.512,87.9571,12.5546,1.07022,0.294108,-0.776108,-3.13323,-1.77535,1.35788,36.3085,86.8984,22.755,54.8267,32.0717,11.8632,-0.356725,5.75326,6.10998,234.416,55.1352,179.281,2.42205,0.0166109,-2.40544,1.64286,1.75513,0.112266
0,127.8,16.3943,72.097,55.7027,16.0904,-7.17034,4.46002,11.6304,185.469,83.6732,101.796,1.75977,0.556552,-1.20321,-2.77964,-2.52436,0.255286,40.0634,68.5777,47.2832,57.9305,10.6473,13.3176,8.70688,11.0122,2.30536,129.487,116.783,12.7037,-1.90155,-1.32096,0.580597,-0.370566,1.15595,1.52652
0,183.193,155.307,169.25,13.9431,24.0667,16.9424,20.5046,3.56212,801.639,784.132,17.5068,-2.87906,-2.21414,0.664922,1.29563,0.328364,-0.967268,115.003,141.581,32.3177,86.9493,54.6316,22.5116,3.65061,13.0811,9.43048,154.282,98.8223,55.46,0.525525,0.49793,-0.0275949,-1.14484,-2.2565,-1.11166
0,121.602,90.2091,105.906,15.6966,25.1943,22.5802,23.8872,1.30705,164.125,110.634,53.4905,-1.69693,0.199702,1.89664,4.09148,2.85699,-1.23449,92.6858,141.398,13.0727,77.2353,64.1626,15.0144,-0.951581,7.0314,7.98298,247.245,182.586,64.6592,1.5122,1.50462,-0.00758153,2.01462,-0.33986,-2.35448
0,106.545,80.4678,93.5065,13.0387,14.7627,8.56108,11.6619,3.10079,364.779,349.824,14.9549,1.50447,1.99361,0.489143,-1.85372,-0.368109,1.48562,55.9121,190.573,163.536,177.055,13.5181,18.7376,14.8095,16.7735,1.96402,346.98,332.981,13.9993,1.46834,1.24365,-0.224694,4.10422,3.00719,-1.09702
0,174.935,118.437,146.686,28.2487,14.3241,8.62305,11.4736,2.85052,1917.95,1842.72,75.2295,4.85683,3.22224,-1.63459,-0.522735,1.01092,1.53365,64.2719,104.347,68.7983,86.5725,17.7743,13.6504,8.48238,11.0664,2.58402,123.232,93.9058,29.3262,1.47138,0.390325,-1.08105,-1.99898,-2.30916,-0.310179
0,92.2528,31.2436,61.7482,30.5046,8.63652,-3.85972,2.3884,6.24812,135.957,72.3829,63.5738,1.9364,0.577744,-1.35866,-5.05175,-2.49374,2.55801,32.7784,120.904,99.2378,110.071,10.8331,9.64595,5.43533,7.54064,2.10531,150.505,116.05,34.4553,2.14394,0.321398,-1.82255,-1.28387,0.125818,1.40969
0,89.4615,66.0073,77.7344,11.7271,5.53165,2.63462,4.08313,1.44851,127.853,77.9351,49.9179,2.17619,0.0490912,-2.1271,-1.99642,0.987154,2.98357,55.9983,91.3751,49.7392,70.5572,20.8179,10.3465,0.589872,5.46819,4.87832,713.505,101.486,612.019,-4.97686,-0.903083,4.07378,-5.44732,-2.60665,2.84067
0,83.2738,59.3821,71.3279,11.9459,13.3888,10.5485,11.9687,1.42019,100.962,78.3116,22.6501,-0.84297,0.409469,1.25244,-2.02912,-0.120708,1.90841,57.6055,99.0486,48.9582,74.0034,25.0452,13.5092,1.89557,7.70237,5.8068,379.629,329.113,50.5156,3.49131,2.17227,-1.31904,4.73481,2.34409,-2.39072
0,85.5757,38.7878,62.1818,23.3939,6.004,-0.32205,2.84098,3.16303,106.805,82.8543,23.9503,0.965404,0.793477,-0.171927,-1.96882,-1.44682,0.521999,91.2122,125.819,89.4933,107.656,18.1628,19.3135,13.0603,16.1869,3.12658,236.561,155.654,80.9075,3.07824,0.904773,-2.17347,3.1508,1.12981,-2.02099
0,223.979,39.812,131.896,92.0836,15.5889,10.3627,12.9758,2.61308,1152.82,687.581,465.244,-0.0317521,-2.33481,-2.30305,1.95472,0.561379,-1.39334,38.5825,222.13,196.362,209.246,12.8838,14.9679,11.266,13.117,1.85096,338.397,223.689,114.708,3.24081,0.364543,-2.87626,0.302938,-2.80351,-3.10645
0,96.3383,65.9683,81.1533,15.185,4.34928,-0.157643,2.09582,2.25346,221.114,204.933,16.1812,-1.24689,-1.5777,-0.330807,2.75881,0.0302299,-2.72858,66.8566,191.744,138.859,165.301,26.4424,35.8276,23.7008,29.7642,6.06339,217.206,187.962,29.2438,-0.892569,-0.490531,0.402038,5.41915,3.00562,-2.41353
0,86.1177,40.2684,63.1931,22.9246,20.9009,14.9284,17.9146,2.98628,207.592,152.18,55.4121,-3.04645,-1.51815,1.52831,2.979,0.423957,-2.55505,81.4476,167.383,55.8322,111.608,55.7753,25.5527,8.83144,17.1921,8.36065,354.718,139.203,215.516,2.70341,0.67652,-2.02689,-2.58984,-1.56402,1.02582
0,111.674,91.3863,101.53,10.1439,6.71674,3.64525,5.18099,1.53574,546.484,469.472,77.0128,4.92812,2.21243,-2.71568,-1.13328,-0.11033,1.02294,41.2559,121.891,68.2891,95.0898,26.8007,13.1494,0.804193,6.97679,6.1726,734.052,630.407,103.644,4.60559,2.57889,-2.02669,5.14093,3.03986,-2.10107
0,105.924,64.4904,85.2071,20.7167,3.81546,-0.731037,1.54221,2.27325,165.043,142.156,22.8865,0.657832,1.09981,0.441975,-3.64672,-2.90987,0.736851,92.3992,326.908,149.722,238.315,88.593,31.3469,-6.5749,12.386,18.9609,1182.19,1075.82,106.369,2.78142,2.18783,-0.593598,2.80844,-0.178874,-2.98732
0,90.3345,46.8793,68.6069,21.7276,7.06556,2.29298,4.67927,2.38629,446.92,103.267,343.654,-4.41885,-0.965679,3.45317,-2.87642,-1.97631,0.90011,36.453,77.4093,35.797,56.6031,20.8061,10.5251,1.49533,6.0102,4.51486,111.607,59.2924,52.3148,-1.8582,-0.28922,1.56898,-0.187045,0.522206,0.70925
0,92.3422,59.2315,75.7868,16.5554,12.2217,10.7816,11.5017,0.720042,112.207,87.6595,24.5475,-1.48143,-0.535178,0.946254,-1.99068,-2.26293,-0.272254,36.3797,196.212,136.299,166.255,29.9563,43.6091,28.9095,36.2593,7.34976,346.088,181.833,164.255,2.76192,0.376533,-2.38539,-0.646629,1.49217,2.1388
0,106.012,48.6996,77.3557,28.6561,16.2427,15.0265,15.6346,0.60811,269.85,184.764,85.0858,3.2646,1.51283,-1.75177,-3.17215,-2.33991,0.83224,62.8451,193.581,162.407,177.994,15.5872,18.2279,13.275,15.7514,2.47644,258.956,242.791,16.1645,1.04843,0.826205,-0.222221,-1.38562,-0.904753,0.480868
0,212.326,146.601,179.463,32.8627,20.0608,18.3089,19.1849,0.875942,396.502,315.219,81.2831,-0.394024,1.16104,1.55506,3.81682,1.45337,-2.36345,295.795,244.96,183.255,214.108,30.8522,11.9921,-2.66402,4.66405,7.32807,812.125,632.501,179.623,4.19286,1.74636,-2.4465,-2.44097,-0.0639703,2.377
0,187.646,160.292,173.969,13.6771,19.5253,16.8554,18.1903,1.33497,261.237,234.158,27.0792,2.10888,0.805016,-1.30386,-0.892926,1.84284,2.73577,97.2735,151.335,89.0216,120.178,31.1567,15.3052,8.9441,12.1246,3.18053,484.915,440.656,44.2584,-2.8569,-1.97291,0.883989,0.755558,-1.31181,-2.06737
0,150.964,130.601,140.782,10.1817,8.29781,6.08063,7.18922,1.10859,467.63,449.244,18.3866,0.633239,1.82786,1.19462,-0.6143,1.19581,1.81011,106.119,238.598,218.234,228.416,10.182,17.4401,13.645,15.5425,1.89755,251.313,229.384,21.9287,1.45929,0.062087,-1.39721,-3.26597,-2.31288,0.953085
0,155.744,125.025,140.384,15.3593,6.77656,1.56681,4.17168,2.60488,196.248,158.298,37.9496,-2.05059,-0.499213,1.55137,2.52971,2.14335,-0.386355,85.4015,192.03,146.77,169.4,22.6297,10.9176,0.239563,5.57859,5.33902,311.602,230.867,80.7351,-2.77012,-0.827595,1.94253,-0.908251,-0.883305,0.0249458
0,129.263,102.951,116.107,13.1562,9.20522,4.72771,6.96646,2.23876,300.451,262.45,38.0014,0.265287,-1.45533,-1.72062,-1.83058,-2.68448,-0.853896,56.3474,75.99,34.0838,55.0369,20.9531,10.3133,4.36481,7.33904,2.97422,363.346,341.4,21.9457,-2.78517,-2.5114,0.273766,0.755165,0.655626,-0.0995386
0,204.089,92.0049,148.047,56.0422,15.3923,12.6416,14.017,1.37533,422.79,327.843,94.9472,0.312858,1.43174,1.11888,3.5409,2.31059,-1.23031,67.7439,96.1222,73.3818,84.752,11.3702,8.98196,3.18066,6.08131,2.90065,196.772,99.1409,97.631,3.41062,0.571126,-2.83949,-0.533091,0.0495346,0.582626
0,152.576,126.175,139.376,13.2005,11.301,8.78602,10.0435,1.25749,181.913,149.683,32.23,1.16408,-0.37602,-1.5401,-4.06847,-3.1372,0.931266,116.127,103.754,0.62698,52.1906,51.5636,20.7223,0.122665,10.4225,10.2998,124.736,53.3029,71.4331,-0.893154,-0.0565336,0.836621,3.51797,1.19755,-2.32041
0,160.835,95.5591,128.197,32.638,8.7804,8.78041,8.7804,-1.3487e-06,413.016,306.87,106.146,-0.329214,1.51875,1.84797,1.86888,-1.25929,-3.12817,77.1758,75.5481,54.6503,65.0992,10.4489,9.50909,5.71827,7.61368,1.89541,121.414,101.878,19.5366,2.2474,1.01475,-1.23265,4.10303,1.28547,-2.81756
0,107.927,51.6562,79.7915,28.1353,6.71633,-1.20574,2.7553,3.96103,157.217,98.3047,58.9122,-2.03497,-0.668005,1.36696,0.949288,-0.811704,-1.76099,218.628,502.056,328.415,415.235,86.8202,22.9087,0.300706,11.6047,11.304,641.149,458.191,182.958,-1.82491,-0.450269,1.37464,4.6285,1.68651,-2.94199
0,140.519,18.7948,79.6569,60.8621,13.4095,6.20708,9.8083,3.60121,537.914,364.244,173.67,-0.491457,-2.2007,-1.70924,3.71651,2.25919,-1.45732,42.0188,94.1841,37.119,65.6515,28.5325,16.1037,9.84635,12.975,3.12868,173.235,137.9,35.3351,-2.03886,-1.36806,0.670801,-2.44407,-0.552212,1.89186
0,192.39,132.119,162.255,30.1357,19.8391,10.2806,15.0598,4.77925,250.001,199.871,50.1295,0.426949,-0.663535,-1.09048,-2.99287,-3.08586,-0.0929907,61.054,204.956,175.97,190.463,14.4926,22.8796,15.0899,18.9847,3.89486,210.889,191.408,19.4813,0.779518,0.00283664,-0.776682,1.84351,0.474475,-1.36903
0,195.498,98.4084,146.953,48.5447,26.822,4.64526,15.7336,11.0883,291.607,149.159,142.449,-1.87264,-0.136617,1.73602,4.74961,1.77285,-2.97676,73.7233,227.098,29.0221,128.06,99.0379,45.4034,-3.47368,20.9648,24.4385,1077.12,890.525,186.597,3.86404,2.62697,-1.23707,1.87692,-0.87377,-2.75069
0,116.305,27.7304,72.0176,44.2872,13.965,9.66966,11.8173,2.14765,199.525,87.9272,111.598,0.938233,-0.636995,-1.57523,-1.21459,-1.73749,-0.5229,75.4799,273.325,0.331924,136.828,136.496,27.2044,6.94783,17.0761,10.1283,1059.49,795.033,264.457,-3.7243,-2.44508,1.27922,4.71389,1.87464,-2.83925
0,83.2018,59.4238,71.3128,11.889,6.58287,3.2009,4.89188,1.69098,108.819,83.5616,25.2573,-1.95816,-0.574727,1.38344,2.30701,1.9824,-0.324608,50.6698,88.9739,57.2082,73.0911,15.8828,14.5994,7.82086,11.2101,3.38926,361.005,166.855,194.15,4.65891,1.4642,-3.19471,-0.468679,-1.43546,-0.966785
0,189.508,121.918,155.713,33.7951,29.0221,23.7693,26.3957,2.62642,1419.36,1223.94,195.422,-0.310323,-2.75066,-2.44034,1.38412,1.8988,0.514687,166.475,244.922,216.792,230.857,14.0652,50.1636,42.8515,46.5075,3.65603,691.43,600.905,90.5246,4.15555,1.6074,-2.54815,0.240421,-1.73965,-1.98007
0,117.344,51.9434,84.6435,32.7001,16.7097,13.7519,15.2308,1.4789,126.915,90.0512,36.8634,-0.808052,-0.310393,0.497658,-3.50212,-2.9814,0.520721,31.7983,168.926,140.791,154.858,14.0673,14.3285,10.6332,12.4809,1.84766,879.459,865.245,14.2134,2.46564,2.40544,-0.0602052,-3.06875,-0.415995,2.65276
0,273.098,252.331,262.714,10.3835,4.05539,0.455046,2.25522,1.80017,379.573,276.926,102.647,3.30886,0.327359,-2.9815,1.10142,2.55317,1.45174,126.279,406.089,380.793,393.441,12.6478,28.2105,21.4332,24.8218,3.38862,1306.22,1283.76,22.4591,-3.01377,-1.85121,1.16256,-1.78257,-0.804941,0.977625
0,92.8992,52.9696,72.9344,19.9648,4.07349,-0.12245,1.97552,2.09797,192.362,78.474,113.888,2.03998,-0.386467,-2.42644,-0.654341,-0.434003,0.220338,78.8235,175.974,122.629,149.301,26.6727,15.5211,3.43842,9.47976,6.04134,237.783,204.571,33.2115,-1.49229,-0.834331,0.657957,4.62537,2.48246,-2.1429
0,102.801,85.5424,94.1717,8.62927,6.19834,3.93061,5.06448,1.13387,389.628,342.668,46.9595,0.413187,-1.96524,-2.37843,-1.24497,-1.49611,-0.251143,34.6371,236.262,138.562,187.412,48.85,15.6632,-5.15516,5.25401,10.4092,499.698,239.062,260.636,-3.08376,-0.725956,2.35781,3.08358,1.93714,-1.14643
0,128.691,104.556,116.624,12.0674,11.8663,11.8663,11.8663,1.68587e-07,999.927,987.736,12.1909,2.68307,2.82603,0.142964,-1.16106,-0.98768,0.173379,61.9265,143.227,69.7592,106.493,36.7337,27.5156,11.7124,19.614,7.90161,154.288,116.196,38.0914,0.555602,0.38608,-0.169522,-5.83629,-3.09783,2.73846
0,188.255,107.882,148.068,40.1868,29.4386,27.338,28.3883,1.05027,468.614,402.309,66.3053,-2.74008,-1.65428,1.0858,-2.46894,-0.303459,2.16548,37.1234,82.3915,64.4372,73.4143,8.97715,7.80801,6.49475,7.15138,0.656633,258.184,237.696,20.4879,3.30865,1.8428,-1.46585,2.72756,2.96447,0.236911
0,146.76,127.633,137.196,9.56388,4.33641,0.2822,2.3093,2.0271,164.147,138.09,26.0573,-1.76948,-0.112812,1.65667,-2.53469,0.0545622,2.58925,80.6408,261.372,197.257,229.315,32.0574,40.0611,31.4989,35.78,4.28114,271.743,239.2,32.543,0.362246,0.249843,-0.112403,-5.04316,-2.66235,2.3808
0,167.458,80.9304,124.194,43.264,21.5241,16.3237,18.9239,2.60018,193.191,148.619,44.5727,0.364129,0.602284,0.238155,2.56237,-0.188898,-2.75127,38.4079,98.1979,56.6709,77.4344,20.7635,9.99484,0.284513,5.13968,4.85517,256.54,107.093,149.446,-3.50929,-0.847795,2.66149,0.309563,2.87784,2.56827
0,292.008,204.473,248.24,43.7675,32.1053,27.519,29.8122,2.29318,450.267,333.056,117.212,0.842497,-0.798698,-1.6412,2.88453,1.76463,-1.1199,97.0284,145.947,129.829,137.888,8.05903,14.4212,13.3475,13.8843,0.536853,311.388,279.019,32.3695,3.39656,1.329,-2.06756,-3.34754,-1.9272,1.42035
0,119.808,76.4831,98.1456,21.6625,9.90219,7.23725,8.56972,1.33247,1199.76,1152.49,47.2624,-1.73892,-3.15453,-1.41561,-2.19443,-1.30654,0.887883,81.8201,210.974,155.152,183.063,27.9112,23.0233,10.1425,16.5829,6.44038,243.811,187.26,56.551,1.51854,0.194152,-1.32438,3.2979,1.79058,-1.50732
0,103.147,52.8564,78.0015,25.1451,5.84434,-4.01553,0.914407,4.92994,523.388,326.643,196.745,4.85668,2.11071,-2.74597,-3.49212,-2.70135,0.790773,57.9919,158.658,88.3978,123.528,35.1301,18.7584,6.9466,12.8525,5.90593,338.247,183.769,154.478,3.1082,0.947998,-2.16021,2.86238,1.1208,-1.74159
0,77.3263,61.8752,69.6007,7.72553,14.2955,11.9786,13.1371,1.15845,765.293,349.073,416.22,-6.97458,-2.29484,4.67974,2.77712,1.50882,-1.2683,34.1957,151.041,102.142,126.592,24.4492,16.0632,6.51433,11.2888,4.77446,644.757,570.719,74.0373,-3.9568,-2.18634,1.77046,-3.82885,-1.34967,2.47918
0,135.668,113.191,124.43,11.2385,14.6491,11.2747,12.9619,1.68718,228.825,199.012,29.8128,0.585668,-1.04376,-1.62942,0.125761,2.21785,2.09209,152.27,137.922,46.7006,92.3113,45.6107,20.4791,10.3824,15.4308,5.04835,171.599,94.0546,77.5446,-1.22145,-0.100745,1.12071,-1.53759,-0.782732,0.75486
0,88.6566,72.6726,80.6646,7.99199,4.38391,1.22559,2.80475,1.57916,296.127,233.327,62.8,-1.02638,1.72389,2.75027,-1.26888,-1.06167,0.207211,125.719,273.191,176.263,224.727,48.4636,20.5359,4.69404,12.615,7.92095,358.628,279.078,79.5508,1.75364,0.680457,-1.07318,4.36315,1.66458,-2.69857
0,112.148,87.7984,99.973,12.1746,14.9128,10.6637,12.7883,2.12457,143.137,118.911,24.2256,-0.711227,0.595379,1.30661,-0.155632,-1.66929,-1.51365,49.217,93.6881,45.9086,69.7983,23.8898,10.6335,-0.669992,4.98175,5.65174,197.924,172.773,25.1515,-1.78256,-1.5555,0.227059,0.0987272,1.52459,1.42586
0,94.6537,45.8452,70.2494,24.4042,16.5563,16.5563,16.5563,1.06624e-06,112.972,72.3397,40.6324,1.02775,-0.0695874,-1.09734,-4.82836,-2.90848,1.91988,89.0012,150.336,53.4394,101.888,48.4484,24.1948,16.3589,20.2769,3.91793,161.373,108.562,52.8116,-0.718893,-0.3046,0.414293,-0.189235,0.167496,0.356731
0,102.132,39.5057,70.8186,31.3129,4.7917,-2.38915,1.20128,3.59043,329.924,267.111,62.8133,0.684104,2.00262,1.31852,2.40128,0.14195,-2.25933,65.7492,144.518,112.949,128.734,15.7847,26.1976,20.6067,23.4021,2.79548,188.561,142.748,45.8134,-2.15554,-0.429945,1.7256,-4.92731,-2.94861,1.9787
0,91.8176,54.9085,73.3631,18.4545,10.4447,8.31553,9.38014,1.06461,256.25,236.5,19.75,-2.20631,-1.83787,0.368432,-3.1411,-2.86413,0.276971,168.005,183.161,95.9248,139.543,43.6181,12.3029,5.24434,8.77365,3.5293,696.583,421.764,274.82,-4.29778,-1.77043,2.52735,1.43039,2.56646,1.13608
0,152.137,28.6244,90.3808,61.7564,13.7918,9.38296,11.5874,2.20441,278.476,184.015,94.4609,2.32327,1.33522,-0.988058,2.0984,-0.955723,-3.05413,44.3218,146.797,126.583,136.69,10.107,16.0787,12.2015,14.1401,1.93863,434.213,420.449,13.7648,-2.60078,-1.78862,0.81216,2.49084,1.7945,-0.696347
0,114.567,49.4934,82.0301,32.5367,11.5418,-3.67041,3.9357,7.60611,231.464,116.966,114.497,1.03603,-0.892164,-1.92819,1.18078,2.3213,1.14052,70.1265,140.514,104.474,122.494,18.0198,18.0472,8.98965,13.5184,4.52877,653.876,623.358,30.5188,-3.41491,-2.31017,1.10474,-2.22749,-1.11856,1.10893
0,156.547,35.788,96.1674,60.3795,14.6175,8.71071,11.6641,2.95342,870.316,614.664,255.651,-0.419776,-2.54177,-2.122,2.43188,0.418281,-2.01359,31.3796,73.0369,51.0969,62.0669,10.97,17.213,13.9648,15.5889,1.62412,97.5005,68.514,28.9865,2.00993,0.384717,-1.62522,0.00148225,2.37365,2.37217
0,87.8231,53.6026,70.7129,17.1103,11.3703,9.53736,10.4538,0.916467,113.836,71.4815,42.3544,-1.55762,-0.00188674,1.55573,-1.70619,0.667891,2.37408,109.386,79.1372,48.3123,63.7247,15.4125,11.7231,5.65117,8.68713,3.03596,219.059,124.824,94.2342,-3.78649,-1.29002,2.49647,-5.07956,-3.11287,1.96669
0,114.33,99.1752,106.753,7.57752,9.21608,5.57672,7.3964,1.81968,573.224,215.385,357.838,5.87431,1.32639,-4.54792,-2.87952,0.124967,3.00448,54.3869,140.944,93.4019,117.173,23.771,19.5488,11.4453,15.4971,4.05175,223.664,141.015,82.6491,2.53326,0.616584,-1.91667,5.905,2.8615,-3.04349
0,120.357,90.3026,105.33,15.0271,16.6619,15.19,15.926,0.735948,147.828,127.63,20.1983,-1.43224,-0.625744,0.806499,-1.21865,-3.13349,-1.91485,123.949,231.421,100.599,166.01,65.4106,23.8579,1.16038,12.5091,11.3488,249.491,178.916,70.5748,0.743565,0.385181,-0.358385,-1.09624,0.498816,1.59505
0,77.2662,48.5501,62.9081,14.3581,16.3323,14.2856,15.309,1.02337,203.059,185.319,17.7401,-1.06906,-1.73977,-0.670715,-2.67729,-2.73924,-0.0619488,65.0308,100.982,32.5636,66.773,34.2094,13.1113,0.178879,6.64508,6.4662,147.841,69.5041,78.3364,1.73438,0.268023,-1.46636,-2.91354,-0.583072,2.33047
0,150.081,98.9676,124.524,25.5566,7.05344,7.05344,7.05344,0,156.96,129.448,27.5124,0.113966,-0.274801,-0.388767,3.36244,2.33311,-1.02933,138.292,88.1058,36.8998,62.5028,25.603,13.6152,5.03081,9.32303,4.29222,152.748,98.9931,53.7551,2.39713,1.02815,-1.36898,-4.53954,-2.18562,2.35392
0,97.641,44.8792,71.2601,26.3809,16.3645,9.75895,13.0617,3.30276,119.497,78.8927,40.6045,0.566945,-0.425343,-0.992289,-2.38005,0.407577,2.78763,216.09,165.505,135.409,150.457,15.048,24.0739,20.3448,22.2093,1.86458,181.73,152.088,29.6424,-1.29775,-0.000676705,1.29707,-3.35374,-0.219051,3.13469
0,152.341,56.0383,104.189,48.1512,8.5778,3.51253,6.04516,2.53264,158.417,109.111,49.3055,0.513251,0.30095,-0.212301,-1.70565,1.4178,3.12345,37.6209,121.799,69.032,95.4157,26.3838,33.1194,20.8355,26.9775,6.14192,330.588,300.676,29.9118,2.27443,1.81049,-0.463939,-2.45225,-1.53401,0.918245
0,151.593,127.341,139.467,12.1263,16.5496,12.3446,14.4471,2.10249,371.569,349.783,21.7861,-2.75435,-1.56935,1.185,-0.985999,-2.96118,-1.97519,74.6603,272.383,231.019,251.701,20.682,27.9701,20.9136,24.4419,3.52825,637.951,592.185,45.7661,-2.92781,-1.49921,1.42861,-1.15684,0.276734,1.43357
0,96.2802,58.4185,77.3493,18.9309,6.18479,4.97553,5.58016,0.604629,221.353,156.407,64.9452,0.575013,-1.32889,-1.9039,3.64611,1.27053,-2.37558,84.4462,71.6829,47.1283,59.4056,12.2773,15.4903,9.61317,12.5517,2.93857,495.406,478.903,16.5028,-3.55923,-2.77604,0.783189,0.608251,-1.49366,-2.10192
0,174.394,119.374,146.884,27.51,13.4208,10.9852,12.203,1.21781,257.415,213.502,43.9134,-1.96088,-0.917401,1.04348,-0.812906,1.80442,2.61733,39.3313,189.821,88.2223,139.022,50.7993,21.2754,5.78659,13.531,7.7444,918.217,378.335,539.882,4.71229,1.658,-3.05429,-2.29893,-1.36513,0.933803
0,251.381,115.231,183.306,68.0751,17.4107,11.6918,14.5512,2.85945,621.175,337.557,283.618,0.886311,-1.21908,-2.10539,-3.0973,-1.74891,1.3484,106.498,88.346,53.0783,70.7122,17.6339,15.5013,7.91884,11.71,3.79121,269.866,198.597,71.2692,-3.76329,-1.69063,2.07266,3.29568,0.203318,-3.09236
0,73.0376,53.3737,63.2057,9.83193,0.597357,-0.597357,0,0.597357,103.228,92.674,10.5542,0.555033,0.931585,0.376552,-0.213483,-1.67465,-1.46117,38.9504,125.512,28.6775,77.095,48.4175,16.2172,3.37266,9.79494,6.42228,191.82,129.154,62.6659,-1.84259,-1.10143,0.741163,1.23895,1.27009,0.0311399
0,72.9123,48.2066,60.5595,12.3528,5.33099,1.72741,3.5292,1.80179,108.666,86.1227,22.5432,-0.317524,0.888052,1.20558,-4.41702,-1.32792,3.08911,92.3933,189.034,136.097,162.565,26.4686,22.0347,16.0656,19.0502,2.98454,205.309,170.439,34.8704,1.05976,0.288348,-0.771416,0.729689,2.88381,2.15412
0,101.329,58.2801,79.8044,21.5243,8.24565,-2.49798,2.87383,5.37181,146.296,106.806,39.4892,-2.00506,-0.800488,1.20457,3.25485,0.756631,-2.49822,100.221,134.458,42.8987,88.6784,45.7796,27.6714,10.0832,18.8773,8.79408,147.793,96.7892,51.0036,-0.811247,-0.373336,0.437912,0.0996203,-2.53324,-2.63286
0,113.25,36.6697,74.9598,38.2901,10.3182,6.30487,8.31153,2.00666,193.462,152.452,41.0103,0.963152,1.33453,0.371381,2.00115,2.99058,0.989431,31.2667,114.202,71.1636,92.6828,21.5193,10.5528,2.34876,6.45079,4.10203,428.855,148.926,279.928,4.30837,1.05123,-3.25714,-2.33949,-0.88632,1.45317
0,125.302,105.374,115.338,9.96388,9.06686,9.06686,9.06686,1.19209e-07,450.146,439.789,10.3568,1.73378,2.0137,0.279918,1.27776,0.599207,-0.678556,59.8541,210.96,190.085,200.523,10.4378,56.0164,53.0938,54.5551,1.46134,325.994,212.491,113.503,3.29675,0.219404,-3.07734,-5.18129,-2.35247,2.82882
0,111.778,65.1693,88.4734,23.3042,8.53573,4.06985,6.30279,2.23294,202.996,100.282,102.714,1.65624,-0.506859,-2.1631,0.269696,-1.92974,-2.19944,58.6514,69.5266,46.7269,58.1267,11.3998,7.35342,3.65715,5.50528,1.84814,237.392,58.4724,178.92,-3.49978,-0.0543659,3.44541,-0.710069,1.53334,2.24341
0,85.5688,64.8954,75.2321,10.3367,16.9956,12.1377,14.5666,2.42895,104.239,89.765,14.4737,-1.43379,-0.587114,0.846678,-2.42615,-0.516405,1.90974,55.154,106.505,9.25108,57.8779,48.6268,17.6115,3.09199,10.3517,7.25974,114.824,65.6101,49.2139,0.528702,0.48393,-0.0447727,3.8508,1.45354,-2.39726
0,158.169,35.2486,96.7087,61.4601,11.763,6.45305,9.10802,2.65497,516.918,421.044,95.874,1.13677,2.15048,1.01371,-5.01718,-2.3854,2.63178,211.68,262.316,243.642,252.979,9.33704,42.7253,38.7291,40.7272,1.99812,391.483,372.884,18.599,-2.23616,-0.93058,1.30558,0.0629842,-0.205881,-0.268865
0,170.61,138.707,154.658,15.9513,17.0687,15.5387,16.3037,0.764993,241.774,222.552,19.2222,1.53048,0.901981,-0.628502,2.6371,1.78088,-0.856218,38.4536,118.895,72.8246,95.8596,23.035,6.85733,-3.28153,1.7879,5.06943,399.25,334.987,64.2635,3.6052,1.92321,-1.68199,-3.20887,-2.09966,1.10921
0,107.56,46.9106,77.2355,30.3249,12.2246,8.98451,10.6046,1.62005,117.645,82.6277,35.0177,-0.199806,0.347442,0.547248,-1.40761,-2.36424,-0.956634,65.6425,102.616,66.5194,84.5676,18.0482,19.1533,10.3126,14.733,4.42036,259.143,184.587,74.5563,3.50781,1.41296,-2.09486,-1.12027,0.257462,1.37773
0,142.413,104.394,123.404,19.0093,13.622,11.1054,12.3637,1.2583,619.424,533.952,85.4719,-0.0396032,2.14409,2.18369,0.744779,0.672953,-0.0718256,105.961,142.795,114.944,128.869,13.9254,7.8818,2.21357,5.04768,2.83411,1467.88,1435.35,32.5333,4.58965,3.10148,-1.48817,-2.74172,-1.7503,0.991414
0,168.042,85.1307,126.586,41.4555,33.6749,29.6041,31.6395,2.03538,782.684,622.733,159.951,4.3006,2.27453,-2.02607,4.49427,2.40601,-2.08826,46.0047,112.529,83.9653,98.2473,14.2819,13.7131,7.721,10.7171,2.99607,463.317,435.339,27.9786,-3.45474,-2.16849,1.28625,-1.02466,-0.749564,0.275099
0,90.746,73.1228,81.9344,8.8116,3.71864,-0.158134,1.78025,1.93839,171.099,130.372,40.7264,-1.17113,1.03976,2.21088,1.19233,1.73856,0.546233,76.9125,124.794,67.6926,96.2431,28.5505,21.2548,6.54951,13.9022,7.35265,673.452,539.741,133.711,4.63298,2.40898,-2.22401,-1.46544,-1.88144,-0.415999
0,94.5543,46.0751,70.3147,24.2396,19.2402,11.5514,15.3958,3.84444,365.506,194.807,170.699,-0.965195,1.67453,2.63972,-4.40897,-3.08363,1.32533,69.6981,112.281,94.2261,103.254,9.02744,9.32663,9.32663,9.32663,1.19209e-07,264.898,255.537,9.36094,1.82602,1.55503,-0.270988,-2.15223,-1.35582,0.79641
0,81.8533,52.4862,67.1697,14.6835,12.3688,10.996,11.6824,0.686372,127.887,112.752,15.1348,0.857781,1.1008,0.243014,1.96913,2.81858,0.849454,44.99,84.0996,25.2771,54.6884,29.4112,15.0698,8.5315,11.8006,3.26915,208.775,170.764,38.0117,2.54393,1.80256,-0.741369,2.73916,-0.217329,-2.95649
0,181.542,161.395,171.469,10.0735,18.1773,17.153,17.6652,0.512108,201.595,172.743,28.8519,1.77886,0.0655848,-1.71328,1.26257,0.000299769,-1.26227,67.0389,168.27,124.146,146.208,22.062,12.7675,3.93298,8.35023,4.41725,290.165,267.048,23.1176,-1.4482,-1.20984,0.238364,-2.4569,-3.00732,-0.550421
0,159.824,142.509,151.167,8.65755,25.095,23.9194,24.5072,0.587782,729.103,713.639,15.4632,-1.05044,-2.23313,-1.18269,0.361948,-0.697253,-1.0592,87.0203,164.725,131.745,148.235,16.4899,19.3797,13.1929,16.2863,3.09341,170.259,153.272,16.9871,-0.39726,-0.236628,0.160633,0.663378,2.55355,1.89017
0,143.436,99.9449,121.69,21.7455,9.98569,9.98569,9.98569,6.7435e-07,272.314,235.979,36.335,-0.178261,-1.28006,-1.1018,2.02913,1.6091,-0.420032,41.1627,107.719,71.2478,89.4832,18.2354,29.3492,21.4798,25.4145,3.93475,395.246,370.602,24.6435,2.89309,2.09689,-0.796202,-3.1581,-2.20466,0.953437
0,111.313,86.1571,98.7351,12.5779,12.2383,7.26773,9.75303,2.4853,292.224,278.966,13.2582,-1.96356,-1.69824,0.265311,3.06698,2.66168,-0.405303,120.928,225.002,147.176,186.089,38.9129,22.49,12.2404,17.3652,5.1248,438.784,213.444,225.34,-2.9706,-0.528975,2.44163,-1.85544,-1.35902,0.49642
0,175.755,141.235,158.495,17.2599,21.3265,20.0051,20.6658,0.66069,227.467,199.492,27.9757,-0.367465,0.695665,1.06313,2.0222,2.50355,0.481347,92.2478,79.5102,40.2796,59.8949,19.6153,18.0188,10.4163,14.2176,3.80122,639.449,619.325,20.1239,-3.14865,-3.02657,0.122072,-2.7727,-0.833596,1.9391
0,392.577,318.079,355.328,37.2489,64.7175,47.8687,56.2931,8.4244,463.505,396.768,66.7371,0.72258,-0.455039,-1.17762,-2.24821,-1.78185,0.46636,55.8169,304.817,143.315,224.066,80.7512,30.1099,5.35315,17.7315,12.3784,324.828,234.719,90.1089,0.752397,0.297409,-0.454988,-0.235511,1.2623,1.49781
0,123.104,102.022,112.563,10.5409,11.7125,9.2853,10.4989,1.21358,238.173,206.996,31.1776,2.96388,1.21699,-1.74689,0.142878,3.14121,2.99833,142.861,182.546,81.327,131.936,50.6094,22.2617,2.74203,12.5018,9.75982,248.028,133.781,114.247,1.58822,0.138055,-1.45016,-4.00365,-3.04998,0.953678
0,97.6017,49.5426,73.5721,24.0295,5.05937,-2.31772,1.37082,3.68855,207.841,183.212,24.6284,1.3992,1.5625,0.163296,0.799231,0.940599,0.141368,124.585,252.842,5.65069,129.246,123.596,64.2978,-10.8548,26.7215,37.5763,273.27,135.733,137.538,-0.616098,-0.242852,0.373246,-0.727974,-1.80168,-1.07371
0,80.8906,56.689,68.7898,12.1008,16.6799,14.406,15.543,1.13699,90.025,70.6697,19.3553,-0.978443,0.0659133,1.04436,1.17154,-1.52461,-2.69615,71.6233,84.9805,53.5276,69.2541,15.7265,9.81602,3.34006,6.57804,3.23798,306.41,118.751,187.658,-4.30249,-1.13198,3.17051,2.41527,0.749768,-1.6655
0,105.929,81.2604,93.5946,12.3342,4.3363,-1.9993,1.1685,3.1678,118.279,95.2433,23.0362,-1.41263,-0.187015,1.22562,2.59897,1.79077,-0.808203,97.7573,143.966,126.999,135.483,8.48332,18.1964,15.6975,16.9469,1.24945,252.245,184.559,67.6851,3.5869,0.821109,-2.76579,-3.44038,-1.78276,1.65762
0,108.686,61.3964,85.0411,23.6447,12.1576,10.3596,11.2586,0.899021,188.281,90.8257,97.4556,-2.4384,-0.344088,2.09431,-1.63552,-1.91686,-0.281338,39.8663,138.02,73.3603,105.69,32.3301,22.6734,2.76066,12.717,9.95638,224.87,169.052,55.8172,2.16529,1.04293,-1.12235,3.29762,1.92302,-1.3746
0,154.032,93.2505,123.641,30.3906,22.6383,20.2121,21.4252,1.2131,195.088,126.605,68.4833,-1.31654,0.135561,1.4521,-2.84597,-1.96133,0.884633,81.8955,112.447,22.1758,67.3117,45.1358,16.2045,-11.5881,2.30817,13.8963,295.257,217.697,77.5601,2.95839,1.84205,-1.11634,1.00298,2.44395,1.44096
0,118.928,101.219,110.073,8.85416,1.00438,-1.00439,-1.3487e-06,1.00438,138.002,125.998,12.0043,-0.283503,0.531627,0.815129,2.68749,2.02337,-0.664121,227.506,307.689,286.993,297.341,10.3478,18.239,13.3482,15.7936,2.44538,333.773,301.854,31.9194,1.95497,0.165868,-1.7891,-1.02262,-0.989661,0.0329576
0,92.8927,53.3123,73.1025,19.7902,14.2406,9.41759,11.8291,2.41152,206.307,171.441,34.8663,-0.329904,-1.49397,-1.16407,1.69227,2.76496,1.07269,73.7862,193.344,48.2031,120.773,72.5704,31.4636,8.85402,20.1588,11.3048,261.643,164.594,97.0488,1.60635,0.816828,-0.789521,3.01018,0.0250055,-2.98517
0,104.72,65.6523,85.186,19.5337,23.7309,15.4015,19.5662,4.16469,172.257,108.14,64.1176,1.1643,-0.69115,-1.85545,-1.96885,-2.49398,-0.525127,53.1492,81.1515,46.905,64.0282,17.1232,15.8067,9.32293,12.5648,3.24187,140.866,123.108,17.7585,1.46305,1.265,-0.198043,1.74398,0.718732,-1.02525
0,103.54,67.633,85.5865,17.9535,22.9728,21.4456,22.2092,0.763613,139.614,88.4215,51.1927,1.70573,-0.00283122,-1.70857,-1.93868,-2.3285,-0.389816,56.795,83.4325,23.1384,53.2854,30.1471,14.6109,-0.776814,6.91702,7.69383,106.036,70.2093,35.8265,-1.32931,-0.769773,0.559532,-1.10613,1.30443,2.41056
0,91.9624,38.1183,65.0403,26.9221,7.03326,-4.72703,1.15311,5.88014,282.866,199.51,83.3559,3.57981,1.78629,-1.79352,-0.680502,0.666082,1.34658,95.1205,195.22,131.887,163.554,31.6663,20.7026,6.29066,13.4966,7.20597,311.282,216.358,94.9241,-2.53924,-0.780397,1.75885,-0.114584,-2.20627,-2.09169
0,99.4954,54.3349,76.9152,22.5803,22.8053,20.3012,21.5533,1.25206,365.133,314.772,50.3607,-3.525,-2.0846,1.4404,1.54737,-0.733248,-2.28062,34.2273,152.752,94.4271,123.59,29.1625,26.8841,18.5264,22.7052,4.17881,694.941,565.384,129.557,4.37163,2.20069,-2.17094,3.90207,2.37721,-1.52486
0,82.7788,66.3721,74.5755,8.20334,3.77645,1.42004,2.59825,1.17821,94.9433,74.7143,20.229,-1.60005,-0.0500983,1.54995,0.596854,-1.00572,-1.60258,93.7778,112.449,93.1159,102.783,9.66676,13.8238,10.5685,12.1961,1.62763,151.14,104.673,46.467,-2.40277,-0.151203,2.25157,-0.500961,2.05526,2.55622
0,114.434,93.8756,104.155,10.2792,10.6976,6.68527,8.69142,2.00615,204.917,104.559,100.358,2.99747,0.0285352,-2.96893,-3.20433,-1.35788,1.84645,33.014,171.969,26.681,99.325,72.644,28.7216,-6.19628,11.2627,17.459,190.478,105.193,85.2855,-0.86373,-0.324122,0.539608,-1.99425,0.920746,2.91499
0,84.0923,50.8491,67.4707,16.6216,13.1072,10.8402,11.9737,1.13354,207.557,190.858,16.6991,-1.62957,-1.69806,-0.0684886,-1.70911,0.812965,2.52208,48.5942,72.3894,42.1204,57.2549,15.1345,11.7965,5.26348,8.52999,3.26652,88.6452,71.1152,17.5301,-1.18968,-0.670194,0.51949,-3.97356,-1.17071,2.80285
0,126.682,90.8329,108.758,17.9248,4.60436,-2.39591,1.10423,3.50013,405.096,195.337,209.759,-1.96069,1.19027,3.15095,3.89372,1.64348,-2.25024,34.3338,133.377,72.0007,102.689,30.688,32.5871,22.2401,27.4136,5.1735,166.689,135.055,31.634,-0.925441,-0.74159,0.18385,0.354013,-1.18399,-1.538
0,118.64,79.5267,99.0836,19.5569,12.7451,10.6989,11.722,1.02313,150.682,131.004,19.6779,0.678172,0.776407,0.0982344,-1.69904,0.143294,1.84233,44.2106,172.641,30.9173,101.779,70.8621,22.3908,7.91664,15.1537,7.23709,180.589,105.408,75.1809,0.555862,0.222682,-0.333179,4.29587,3.05325,-1.24261
0,257.215,35.8732,146.544,110.671,20.5193,15.9258,18.2226,2.29674,948.511,777.736,170.775,-3.35282,-2.35293,0.999892,-1.73943,-1.00245,0.736982,41.9829,92.9801,34.1726,63.5763,29.4037,17.2544,4.13628,10.6954,6.55907,505.251,442.76,62.4915,-4.00861,-2.62844,1.38017,5.23256,2.11732,-3.11525
0,97.5717,45.1763,71.374,26.1977,12.4318,8.92706,10.6794,1.75235,376.884,311.6,65.2839,3.71584,2.15295,-1.56289,-3.13566,-0.0935565,3.04211,94.0161,95.3691,51.5835,73.4763,21.8928,11.5548,2.43485,6.99483,4.55998,549.273,526.881,22.3921,-2.7106,-2.65817,0.0524313,-0.00803733,1.92118,1.92922
0,491.701,64.616,278.159,213.543,35.3598,7.12887,21.2443,14.1154,754.751,529.127,225.624,0.928953,1.25764,0.328685,-3.47184,-0.608726,2.86312,93.0877,71.0501,40.5731,55.8116,15.2385,15.8325,7.38847,11.6105,4.22201,320.928,298.838,22.0901,-3.25147,-2.36146,0.89001,2.27742,0.782861,-1.49456
0,158.926,96.296,127.611,31.3151,16.1288,14.2165,15.1727,0.95612,173.964,135.617,38.3467,-0.990969,-0.333311,0.657658,-3.10875,-1.40774,1.70101,42.034,74.7149,46.0249,60.3699,14.345,10.8633,5.88614,8.37474,2.4886,314.08,62.009,252.071,-3.74668,-0.188082,3.5586,4.73044,1.59064,-3.1398
0,289.946,142.085,216.015,73.9307,32.1732,27.7529,29.9631,2.21017,580.641,222.079,358.563,2.06837,-0.192928,-2.2613,-2.79955,0.159528,2.95908,41.1585,119.893,95.9887,107.941,11.952,8.74816,5.18488,6.96652,1.78164,133.928,120.96,12.9679,-0.866835,-0.48265,0.384185,5.25067,3.08321,-2.16746
0,87.8349,64.1933,76.0141,11.8208,9.10729,5.09132,7.0993,2.00799,124.154,106.315,17.8389,0.0995896,-0.862404,-0.961994,-0.621643,-0.556326,0.0653171,77.1459,160.513,135.245,147.879,12.6343,20.3487,15.4559,17.9023,2.4464,194.775,178.779,15.9959,-1.32139,-0.626684,0.694705,-0.0850224,2.84275,2.92777
0,176.721,118.453,147.587,29.134,13.136,4.89578,9.01587,4.12009,242.805,206.536,36.2695,-0.189687,-0.865054,-0.675368,2.02965,0.918154,-1.1115,198.106,608.915,553.614,581.264,27.6503,71.4869,60.0946,65.7908,5.69619,2401.48,2297.43,104.057,-4.04941,-2.05066,1.99875,-1.92506,-2.52728,-0.602224
0,164.18,115.117,139.648,24.5315,6.99703,-3.21586,1.89058,5.10645,260.728,235.095,25.6322,-0.892767,-1.11108,-0.218318,2.351,1.54269,-0.808306,43.961,142.499,34.4856,88.4921,54.0065,29.323,12.0416,20.6823,8.64069,157.768,90.9461,66.8217,0.701606,0.0400861,-0.66152,-0.149915,-1.69514,-1.54523
0,250.473,175.232,212.853,37.6206,31.508,22.6409,27.0744,4.43352,285.668,223.019,62.6488,1.37638,0.281953,-1.09443,-2.49776,0.195582,2.69334,49.1765,166.115,9.16768,87.6413,78.4736,29.8941,-2.7763,13.5589,16.3352,414.943,327.212,87.7309,-2.43127,-1.99118,0.440098,-5.93802,-2.99483,2.9432
0,127.881,4.84931,66.3652,61.5159,11.9961,11.9961,11.9961,-2.6974e-06,254.459,106.233,148.225,0.487119,-1.03933,-1.52644,3.76946,2.44139,-1.32808,39.4113,119.947,49.3176,84.6323,35.3147,21.8965,6.11329,14.0049,7.89158,395.912,172.273,223.639,-3.86539,-1.33343,2.53196,2.15549,0.760524,-1.39497
0,218.86,47.4308,133.146,85.7147,35.2125,3.83923,19.5259,15.6866,277.658,147.726,129.932,1.40976,0.443075,-0.966688,3.56171,2.52996,-1.03175,49.1179,86.0273,15.6806,50.854,35.1734,11.6525,0.325027,5.98878,5.66375,130.099,65.9129,64.186,-1.94988,-0.74521,1.20467,-3.09134,-0.299825,2.79151
0,113.509,57.05,85.2797,28.2297,14.526,5.51959,10.0228,4.50322,404.216,345.408,58.8075,-0.715555,-2.0759,-1.36035,0.328509,3.12321,2.7947,42.7805,81.9697,36.7969,59.3833,22.5864,16.397,9.57811,12.9876,3.40947,181.837,98.6874,83.1495,-3.06063,-1.08404,1.97659,-0.883747,-0.0125048,0.871243
0,103.361,27.6335,65.4971,37.8636,8.23004,0.03332,4.13168,4.09836,205.123,141.651,63.4719,-0.302479,-1.4057,-1.10322,1.36874,2.63347,1.26473,30.0901,120.108,92.0597,106.084,14.0241,10.7729,4.22596,7.49942,3.27346,233.369,202.749,30.6194,2.67371,1.26331,-1.41041,-2.85241,-0.914827,1.93758
0,115.008,19.4134,67.2107,47.7973,5.12256,-3.9359,0.59333,4.52923,261.428,199.653,61.7752,2.49528,1.75227,-0.743005,4.00076,1.84865,-2.15211,33.5497,161.409,6.35744,83.8833,77.5259,26.1672,3.03203,14.5996,11.5676,248.983,88.5044,160.479,1.63761,0.284122,-1.35349,-2.37514,-1.29201,1.08313
0,92.5406,59.6782,76.1094,16.4312,18.247,10.8239,14.5354,3.71156,155.756,80.8733,74.8825,-2.4962,-0.29984,2.19636,0.647074,1.28566,0.638589,63.2269,142.557,117.304,129.93,12.6267,12.7417,5.73504,9.23836,3.50331,794.016,130.963,663.053,-4.75828,-0.104196,4.65408,-2.13536,-1.40955,0.725813
0,76.4204,60.0001,68.2102,8.21014,13.2735,11.2654,12.2694,1.00407,2215.19,2187.7,27.4921,2.283,4.1609,1.8779,0.422983,0.64296,0.219977,57.3271,105.972,72.6126,89.2925,16.6799,9.96924,2.37716,6.1732,3.79604,305.55,235.864,69.6866,3.73297,1.62619,-2.10678,-4.44077,-3.08178,1.35899
0,281.126,260.725,270.925,10.2003,2.00932,-2.00934,-9.34406e-06,2.00933,381.996,369.962,12.0334,-1.39466,-0.830933,0.563726,-4.42786,-2.30104,2.12682,518.169,972.948,931.955,952.451,20.4966,60.4281,52.7129,56.5705,3.85761,1020.88,999.62,21.2622,0.50845,0.308107,-0.200342,0.480858,0.829716,0.348858
0,95.9964,39.3446,67.6705,28.3259,15.3954,11.5056,13.4505,1.94492,99.0153,69.4913,29.524,0.159736,-0.122295,-0.282031,2.90707,0.0659881,-2.84108,60.203,69.5502,40.6939,55.1221,14.4281,8.04215,2.62714,5.33465,2.7075,75.171,58.0752,17.0958,0.8872,0.312163,-0.575037,2.98318,1.48865,-1.49453
0,103.258,60.9557,82.1071,21.1514,17.0764,9.73971,13.408,3.66834,280.838,239.284,41.5543,0.438539,1.73027,1.29173,0.514739,1.20431,0.689569,37.8454,82.3718,58.7472,70.5595,11.8123,10.2743,4.62227,7.4483,2.82603,148.211,109.721,38.4902,-2.85421,-1.00707,1.84715,-2.02941,-2.52672,-0.497313
0,94.1646,27.8459,61.0053,33.1594,14.2346,10.6603,12.4475,1.78714,283.789,118.384,165.405,-1.01452,1.27544,2.28996,-4.16246,-1.84711,2.31535,78.4712,115.345,98.8126,107.079,8.26603,21.1236,20.1312,20.6274,0.496157,131.391,113.984,17.4067,1.68067,0.305131,-1.37554,-1.26164,0.125442,1.38708
0,72.8604,54.8413,63.8509,9.00954,4.83284,1.2396,3.03622,1.79662,106.808,92.7315,14.076,-0.08775,0.917751,1.0055,-1.06403,-0.593358,0.470674,31.695,139.363,62.0592,100.711,38.6517,11.288,2.94646,7.11724,4.17078,1297.45,1249.57,47.8795,3.88127,3.2098,-0.671469,4.61635,2.09863,-2.51772
0,135.851,43.4778,89.6643,46.1864,7.94351,-4.1023,1.92061,6.0229,209.982,146.309,63.6725,0.233596,1.07187,0.838276,-2.78758,-3.07814,-0.290558,103.195,185.6,56.4223,121.011,64.5888,42.342,15.3979,28.87,13.4721,398.58,324.166,74.4145,2.14778,1.63741,-0.510368,0.701269,-0.224967,-0.926236
0,105.9,23.6955,64.7978,41.1023,14.741,4.12307,9.43202,5.30895,168.64,108.092,60.5478,-0.162237,-1.09494,-0.932701,-2.07317,-1.2386,0.834564,63.9659,143.395,1.4427,72.4189,70.9762,19.5273,-2.05365,8.73683,10.7905,288.953,75.4716,213.481,2.0285,0.264357,-1.76414,-2.65558,-1.48637,1.16921
0,117.553,28.1664,72.8599,44.6935,9.40149,7.31196,8.35673,1.04476,241.879,81.3802,160.499,1.48462,-0.466993,-1.95161,2.72205,1.93035,-0.791703,96.0664,161.23,121.152,141.191,20.0392,25.5656,20.9647,23.2651,2.30043,172.695,152.031,20.664,-0.578265,-0.356148,0.222117,0.568151,2.8166,2.24845
0,176.193,137.54,156.866,19.3267,25.9265,24.133,25.0298,0.896736,260.652,174.303,86.3488,-1.73445,0.442783,2.17723,-2.42253,-2.87571,-0.453181,40.6875,154.9,46.2705,100.585,54.3147,22.0705,-4.52644,8.77203,13.2985,514.061,108.067,405.994,3.07386,0.374214,-2.69964,1.32279,0.480958,-0.841828
0,107.662,72.9945,90.3282,17.3337,7.68403,0.119868,3.90195,3.78208,129.076,109.828,19.2478,-0.226368,-0.644685,-0.418317,3.37341,2.32284,-1.05057,52.0298,152.213,11.9385,82.0756,70.1372,21.7977,0.208836,11.0033,10.7944,289.853,82.8457,207.007,-1.77363,-0.0296473,1.74398,0.646507,-0.504319,-1.15083
0,110.627,78.9567,94.7918,15.8351,18.2962,15.3792,16.8377,1.45848,220.034,182.384,37.6492,0.243975,-1.26694,-1.51092,-1.58876,-0.562828,1.02593,119.866,271.404,169.038,220.221,51.183,25.1567,9.96759,17.5622,7.59457,277.76,221.211,56.5496,0.483606,0.0514487,-0.432157,-2.15711,-2.91254,-0.755434
0,145.549,122.615,134.082,11.4672,15.9325,14.462,15.1972,0.735243,315.874,279.318,36.5561,0.464714,-1.36201,-1.82673,1.231,2.86244,1.63145,76.3277,75.2773,35.9891,55.6332,19.6441,16.0188,8.10993,12.0644,3.95442,118.547,98.3887,20.1583,1.27401,1.16241,-0.111599,-1.74497,-2.53587,-0.7909
0,194.724,130.914,162.819,31.9049,28.5984,23.7133,26.1558,2.44257,231.63,180.402,51.2277,1.48539,0.435381,-1.05001,2.46766,0.467054,-2.00061,58.0955,234.677,150.533,192.605,42.0721,23.6517,13.0972,18.3745,5.27729,241.098,195.228,45.8698,0.539693,0.134968,-0.404725,2.0438,3.10238,1.05857
0,85.5379,60.734,73.1359,12.402,5.86201,4.11991,4.99096,0.871049,88.6824,73.3338,15.3486,-0.70123,-0.0275999,0.67363,3.25179,0.607941,-2.64385,52.1212,86.2137,59.1918,72.7028,13.511,15.6244,10.9691,13.2967,2.32764,169.577,148.322,21.2551,-2.35254,-1.33518,1.01736,-3.86049,-1.65161,2.20888
0,114.728,10.1105,62.4191,52.3086,18.8763,-2.53173,8.17231,10.704,387.968,283.082,104.887,0.878318,2.1922,1.31388,0.848972,-2.2708,-3.11977,87.8952,195.868,142.756,169.312,26.556,40.3357,29.9098,35.1227,5.21297,200.174,172.947,27.2273,-0.131396,-0.019132,0.112264,-2.28477,0.748578,3.03335
0,148.94,50.3125,99.6261,49.3136,8.34003,4.88178,6.61091,1.72912,211.503,120.404,91.0988,-1.85617,-0.63243,1.22374,0.0396078,-2.30755,-2.34715,79.7087,285.081,166.036,225.558,59.5221,39.2152,25.9859,32.6006,6.61466,455.58,364.372,91.2078,-2.04141,-1.05409,0.987319,-1.18135,0.794577,1.97592
0,98.9332,37.6551,68.2941,30.6391,11.4673,10.3035,10.8854,0.58192,140.482,107.591,32.8912,0.639672,1.02035,0.380682,-6.10448,-3.09552,3.00896,43.5006,80.9139,51.1167,66.0153,14.8986,11.6583,4.68155,8.16992,3.48837,115.265,78.5566,36.708,-2.14286,-0.596939,1.54592,2.1964,0.320277,-1.87613
0,133.815,100.221,117.018,16.797,6.12301,0.959633,3.54132,2.58169,150.793,117.988,32.805,-1.41089,-0.125107,1.28578,0.975389,-1.60353,-2.57892,35.3013,168.236,51.6179,109.927,58.309,39.8499,21.8699,30.8599,8.99005,202.748,119.067,83.6808,-1.19648,-0.302605,0.893871,-1.70456,1.41682,3.12138
0,162.454,6.95077,84.7022,77.7514,10.1984,7.88024,9.03932,1.15909,494.919,347.914,147.005,0.839069,2.09046,1.25139,-2.29214,-1.2944,0.997739,37.4491,85.6879,49.4505,67.5692,18.1187,15.1207,6.59038,10.8555,4.26515,299.205,228.769,70.4366,3.92101,1.88897,-2.03205,-1.5559,-2.84696,-1.29106
0,139.402,117.105,128.253,11.1487,5.98811,1.04291,3.51551,2.4726,438.216,426.138,12.0783,1.52447,1.87041,0.345939,-1.41516,-2.17742,-0.762264,118.548,268.437,67.2345,167.836,100.601,66.9561,15.9688,41.4624,25.4937,331.621,202.813,128.808,-1.29577,-0.595925,0.699849,-1.30944,1.19294,2.50238
0,109.059,90.6752,99.8673,9.19203,8.47007,4.38029,6.42518,2.04489,171.837,103.519,68.3186,2.95616,0.262174,-2.69398,0.601853,-0.884728,-1.48658,37.1384,164.194,137.73,150.962,13.2319,8.71028,4.90572,6.808,1.90228,169.4,154.554,14.8452,-0.683523,-0.213163,0.47036,4.71926,2.29225,-2.42702
0,172.949,148.693,160.821,12.1281,3.89573,-1.54116,1.17728,2.71844,352.868,324.437,28.4304,-0.164121,1.32693,1.49105,-2.14067,-2.8562,-0.715534,106.971,246.722,184.766,215.744,30.9779,31.3027,14.9326,23.1177,8.18503,631.657,598.902,32.7551,1.89707,1.67921,-0.217856,0.312169,0.615632,0.303463
0,94.4868,40.45,67.4684,27.0184,20.1176,8.6625,14.39,5.72753,490.66,69.2532,421.407,-3.52909,-0.0899796,3.43911,4.10507,2.75226,-1.3528,72.8065,91.4186,58.3092,74.8639,16.5547,15.5561,6.75429,11.1552,4.4009,250.104,224.806,25.2978,2.72919,1.76245,-0.966738,-2.12208,-0.489639,1.63244
0,106.441,76.9928,91.7171,14.7243,5.90804,-0.725112,2.59146,3.31658,306.855,151.638,155.218,-1.95764,1.08836,3.04599,-3.32851,-0.510842,2.81766,64.8749,155.776,22.3533,89.0649,66.7116,27.5973,13.2293,20.4133,7.18402,223.52,151.575,71.9445,-1.49318,-1.11324,0.379944,3.66434,2.87352,-0.79082
0,162.063,27.3507,94.707,67.3564,7.95526,2.95588,5.45557,2.49969,591.961,414.902,177.059,0.535819,2.15703,1.62121,-2.42489,-0.46599,1.9589,43.927,188.686,39.3357,114.011,74.6749,22.425,7.19165,14.8083,7.6167,191.636,115.131,76.5046,-0.250349,-0.053626,0.196723,4.63921,2.93991,-1.6993
0,176.509,98.8748,137.692,38.8173,10.5625,-3.22131,3.6706,6.89191,196.529,138.171,58.3578,-0.87697,0.0790556,0.956026,-4.01015,-1.0421,2.96805,36.8867,179.588,152.981,166.284,13.3033,19.1997,13.6774,16.4386,2.76113,201.395,187.436,13.9586,0.729062,0.49076,-0.238301,-0.19245,1.99832,2.19077
0,118.046,99.1611,108.604,9.44255,8.37887,6.23385,7.30636,1.07251,906.943,878.345,28.5981,-1.00753,-2.7796,-1.77207,-1.4929,-1.81572,-0.322817,65.7644,116.088,41.55,78.8189,37.2689,21.3764,4.84995,13.1132,8.2632,805.537,635.771,169.766,-4.97267,-2.77675,2.19592,-0.686164,0.369162,1.05533
0,81.0871,40.4807,60.7839,20.3032,20.0409,9.33678,14.6888,5.35206,108.289,87.227,21.0623,-0.963406,-0.881701,0.081705,1.20767,0.119316,-1.08835,77.958,192.3,45.3976,118.849,73.4512,36.9731,-2.75451,17.1093,19.8638,660.575,287.105,373.47,3.83541,1.5273,-2.30811,-0.0613631,1.58243,1.6438
0,151.647,127.254,139.45,12.1968,25.4056,22.6544,24.03,1.37559,328.576,306.629,21.947,2.61151,1.42136,-1.19014,2.95877,2.59758,-0.361196,70.4879,283.609,115.693,199.651,83.9579,66.707,28.692,47.6995,19.0075,438.709,254.508,184.201,-2.11236,-0.696042,1.41632,-1.74028,-0.167006,1.57327
0,210.297,52.0787,131.188,79.109,26.1349,13.8403,19.9876,6.14728,437.943,141.356,296.586,1.63295,-0.363206,-1.99615,-2.11813,-1.26246,0.855662,151.115,200.524,75.3731,137.949,62.5756,23.7423,0.744649,12.2435,11.4988,452.795,216.317,236.478,-3.02233,-1.01891,2.00342,-0.849937,-2.68341,-1.83348
0,92.8505,70.4859,81.6682,11.1823,7.14162,7.14162,7.14162,2.38419e-07,300.482,284.307,16.1748,1.00599,1.91891,0.912918,-3.10383,-1.23215,1.87167,145.284,121.843,73.2313,97.5373,24.306,18.8797,6.42216,12.6509,6.22877,264.049,98.717,165.332,-2.69079,-0.0865756,2.60421,1.98498,-0.490607,-2.47558
0,149.479,47.2482,98.3637,51.1155,8.51945,1.5877,5.05357,3.46588,408.503,173.536,234.966,1.0382,-1.16815,-2.20634,-2.35685,-0.907576,1.44927,147.436,152.443,61.715,107.079,45.364,19.5947,2.83899,11.2168,8.37786,628.613,345.286,283.328,4.35655,1.83844,-2.51812,5.06754,2.87427,-2.19327
0,312.288,269.506,290.897,21.391,27.675,19.2276,23.4513,4.22373,593.834,546.083,47.7507,2.67924,1.2419,-1.43734,2.22492,0.221792,-2.00313,82.5462,635,29.5666,332.283,302.717,66.577,1.32411,33.9506,32.6265,729.556,408.908,320.648,-0.987132,-0.660745,0.326387,-4.42273,-2.14467,2.27806
0,191.99,143.113,167.551,24.4385,27.9753,25.546,26.7607,1.2147,335.959,275.635,60.3237,-0.47639,1.07629,1.55268,-3.11293,-2.56524,0.547696,55.7058,235.795,40.9372,138.366,97.4289,24.9242,-5.09324,9.91547,15.0087,1666.07,1450.24,215.823,-4.47084,-3.04042,1.43041,1.7154,0.691681,-1.02371
0,155.05,76.5997,115.825,39.2254,15.7774,10.9282,13.3528,2.42462,397.264,173.286,223.977,-3.38247,-0.954923,2.42755,-3.40059,-0.85058,2.55001,68.7727,137.488,8.32273,72.9055,64.5827,28.4567,-4.41101,12.0228,16.4338,316.545,103.624,212.921,-2.73806,-0.87891,1.85915,-3.00701,0.108463,3.11547
0,139.503,53.2152,96.359,43.1438,7.08745,-4.69903,1.19421,5.89324,678.864,159.007,519.857,2.09428,-1.08609,-3.18037,-3.59345,-2.76774,0.825711,52.9963,133.939,47.3118,90.6256,43.3138,18.4251,-3.79169,7.31668,11.1084,164.71,95.4845,69.2254,-1.34529,-0.316534,1.02876,0.292598,0.908438,0.615841
0,193.346,42.0759,117.711,75.6352,30.0252,17.008,23.5166,6.50861,332.108,126.711,205.397,1.99413,0.338266,-1.65586,3.08263,1.07385,-2.00879,38.1593,156.269,31.6892,93.9789,62.2897,16.9239,3.082,10.003,6.92096,838.108,94.7124,743.396,3.23663,0.0658525,-3.17078,3.13575,0.150484,-2.98526
0,407.629,264.911,336.27,71.3591,24.4209,17.2669,20.8439,3.57697,461.599,353.437,108.162,0.663155,-0.312486,-0.975641,-2.85739,-0.410719,2.44667,119.891,141.474,43.4267,92.4502,49.0235,24.2238,5.08995,14.6569,9.56694,338.759,265.21,73.5485,-2.66468,-1.7135,0.951178,0.793757,2.93439,2.14063
0,261.706,226.132,243.919,17.7869,22.4289,19.5953,21.0121,1.41681,366.598,344.943,21.6545,-1.52298,-0.878703,0.64428,0.186598,-2.40136,-2.58796,181.547,135.605,112.114,123.859,11.7456,14.7391,9.70152,12.2203,2.51879,232.286,205.119,27.1672,2.56489,1.08839,-1.4765,0.639989,-0.362382,-1.00237
0,94.9037,42.906,68.9048,25.9989,12.1785,12.1785,12.1785,0,152.176,80.2672,71.9092,-2.21967,-0.543578,1.67609,0.270744,2.62304,2.3523,82.1159,108.376,78.0907,93.2334,15.1427,15.9757,7.71615,11.8459,4.12978,313.885,164.006,149.879,4.14445,1.16193,-2.98252,-2.03442,-0.941054,1.09336
0,101.28,68.9023,85.0913,16.1889,9.80971,9.17123,9.49047,0.319241,499.207,446.668,52.5395,-0.496072,-2.34181,-1.84574,1.8187,-0.131728,-1.95043,36.8885,97.867,58.7684,78.3177,19.5493,18.213,11.6514,14.9322,3.28082,276.244,150.112,126.132,-3.81277,-1.26164,2.55113,4.37401,2.67372,-1.70029
0,92.6442,71.8898,82.267,10.3772,6.3098,1.25026,3.78003,2.52977,390.779,350.035,40.744,4.16927,2.12705,-2.04222,-1.53933,-0.850215,0.689111,221.679,240.069,136.184,188.126,51.9426,27.5393,8.90196,18.2206,9.31866,690.159,189.359,500.801,-3.01766,-0.0613243,2.95634,0.475625,2.42202,1.9464
0,181.698,152.884,167.291,14.407,35.8219,31.8099,33.8159,2.006,252.093,229.855,22.238,-1.81892,-0.82389,0.995029,0.0674913,-2.74318,-2.81067,52.4778,148.248,100.718,124.483,23.7648,20.4163,12.621,16.5187,3.89764,538.109,353.756,184.353,4.44131,1.70392,-2.73739,-1.18174,-0.0701743,1.11156
0,261.067,85.254,173.161,87.9066,24.2219,3.6805,13.9512,10.2707,493.297,401.049,92.2472,1.77381,1.48209,-0.291721,3.34255,2.58174,-0.760804,32.6221,96.8756,16.2332,56.5544,40.3212,15.3911,-6.88988,4.2506,11.1405,202.666,157.481,45.186,-2.09488,-1.68293,0.411944,2.36077,0.864666,-1.49611
0,88.8622,32.7402,60.8012,28.061,8.15046,4.13089,6.14068,2.00979,90.4912,61.9567,28.5345,0.00214325,-0.167059,-0.169202,-1.43533,-1.40629,0.0290474,48.7256,129.129,59.1393,94.134,34.9947,15.044,6.10224,10.5731,4.4709,604.803,564.16,40.6422,-3.02522,-2.47655,0.548667,0.561697,1.75744,1.19575
0,76.2372,61.0538,68.6455,7.59167,2.80938,0.268603,1.53899,1.27039,371.792,72.3733,299.419,4.69515,0.327373,-4.36777,1.28612,1.24367,-0.0424428,31.9818,102.344,26.1377,64.2407,38.103,12.5505,7.12505,9.8378,2.71275,159.486,66.1643,93.3221,-1.73593,-0.192033,1.5439,-1.69662,-2.54718,-0.850566
0,326.851,297.322,312.086,14.7645,34.8092,28.5101,31.6596,3.14952,329.773,314.07,15.7026,0.338166,0.0495969,-0.288569,-1.30835,-1.82823,-0.51988,34.5965,294.932,266.92,280.926,14.006,50.9091,44.5097,47.7094,3.19967,1254.45,1230.89,23.5648,-3.25527,-2.15649,1.09878,-0.214868,1.14918,1.36405
0,112.093,72.4787,92.2859,19.8072,5.582,0.516376,3.04919,2.53281,211.298,180.644,30.6548,-2.29125,-1.29186,0.999394,0.729887,1.4201,0.690215,48.6642,155.418,8.0023,81.7099,73.7076,23.1325,-7.59013,7.77118,15.3613,300.805,179.671,121.134,-2.49456,-1.4238,1.07076,0.184808,-1.86623,-2.05104
0,147.637,55.8841,101.761,45.8767,18.684,10.2874,14.4857,4.19832,198.086,102.811,95.2757,1.33722,-0.0218683,-1.35908,-2.18516,0.606584,2.79174,64.409,68.99,45.7663,57.3782,11.6118,8.25659,2.43495,5.34577,2.91082,124.589,112.171,12.4183,-1.56994,-1.28922,0.280722,-2.72232,-2.88422,-0.161901
0,79.4254,62.6677,71.0465,8.37888,3.42794,-0.266746,1.5806,1.84735,109.297,77.7874,31.5093,1.56603,-0.431734,-1.99776,-4.60752,-2.07882,2.5287,44.3782,135.755,43.16,89.4575,46.2975,27.8615,15.4039,21.6327,6.22881,164.037,98.091,65.9463,-1.25592,-0.370733,0.885184,0.039226,0.804541,0.765315
0,160.543,32.9441,96.7437,63.7996,12.7566,-8.50052,2.12803,10.6285,186.304,107.61,78.6944,1.124,0.469184,-0.654812,-3.02429,-0.268987,2.75531,210.614,152.074,123.67,137.872,14.2023,45.0213,40.9337,42.9775,2.04382,200.583,169.987,30.5956,2.01076,0.611519,-1.39924,1.68452,2.5862,0.901674
0,221.775,163.041,192.408,29.367,24.8759,17.6513,21.2636,3.61226,394.617,259.823,134.794,1.39516,-0.809406,-2.20457,-2.77733,-0.889274,1.88806,37.8213,182.229,84.8914,133.56,48.6686,17.7296,0.740911,9.23525,8.49434,392.447,338.447,54.0001,-2.01528,-1.58113,0.434148,1.78174,2.77045,0.98871
0,99.2749,53.0925,76.1837,23.0912,4.75724,-0.428824,2.16421,2.59303,267.127,236.092,31.0349,2.59918,1.79707,-0.802115,3.2776,0.643856,-2.63374,45.9874,137.228,67.6917,102.46,34.768,11.8198,4.039,7.92939,3.89039,184.871,126.63,58.2403,1.77283,0.6707,-1.10213,-0.117843,-1.91786,-1.80002
0,149.567,11.7664,80.6668,68.9004,12.058,-12.058,1.3487e-06,12.058,167.843,95.3542,72.4885,0.867368,0.594648,-0.27272,4.51174,2.35027,-2.16147,46.1595,205.098,76.121,140.609,64.4884,26.3355,15.9323,21.1339,5.2016,208.648,142.562,66.0861,0.280731,0.0732727,-0.207458,1.83037,0.318232,-1.51214
0,350.344,183.945,267.144,83.1991,34.6309,11.9765,23.3037,11.3272,404.388,269.34,135.047,0.966637,-0.09419,-1.06083,-2.60721,-0.820773,1.78644,82.1827,245.474,117.184,181.329,64.1452,58.5063,40.0604,49.2834,9.22297,384.153,304.689,79.4634,-1.75869,-1.09223,0.666467,0.381195,2.56948,2.18828
0,121.268,22.0572,71.6627,49.6056,6.40136,6.40135,6.40136,2.6974e-06,318.459,76.0055,242.454,2.60479,0.335565,-2.26922,-1.03442,1.09135,2.12577,55.3773,94.0349,49.4646,71.7497,22.2851,9.77854,4.08633,6.93243,2.8461,140.112,76.5049,63.6071,-2.0587,-0.350027,1.70868,0.490218,-2.13792,-2.62814
0,127.31,19.2266,73.2685,54.0419,15.1778,9.75515,12.4665,2.71133,227.99,75.0346,152.956,1.84098,0.140395,-1.70059,-2.37621,-2.40635,-0.0301328,159.154,103.75,61.5885,82.6691,21.0806,19.9025,11.785,15.8438,4.05873,139.736,107.486,32.2492,-1.71739,-0.739348,0.978039,-0.0667074,-2.73897,-2.67227
0,120.838,15.5182,68.1782,52.66,12.4412,-5.94847,3.24634,9.19481,630.605,116.033,514.571,4.09398,1.12414,-2.96984,-1.45974,-2.30079,-0.84105,38.5762,125.417,97.4891,111.453,13.9638,16.1169,7.54211,11.8295,4.28738,214.267,119.851,94.4161,2.97011,0.37227,-2.59784,-1.2929,1.10032,2.39322
0,125.18,44.1291,84.6544,40.5253,7.17244,-3.55206,1.81019,5.36225,240.323,94.1277,146.196,1.48732,-0.468358,-1.95568,-4.04403,-3.01195,1.03207,88.9614,124.272,47.1478,85.71,38.5623,20.8368,4.32294,12.5799,8.25692,201.442,86.8642,114.578,1.82433,0.0745643,-1.74976,0.279003,0.496199,0.217196
0,144.292,57.7434,101.018,43.2745,10.4734,-5.89584,2.28878,8.18462,495.953,310.196,185.757,3.92256,1.78739,-2.13517,2.76658,2.50165,-0.264936,153.9,214.826,153.798,184.312,30.5136,14.1419,4.68642,9.41414,4.72773,246.79,185.738,61.052,1.4274,0.113448,-1.31395,-0.474863,-0.816534,-0.34167
0,392.773,295.963,344.368,48.405,18.9545,17.2084,18.0815,0.873008,580.395,390.323,190.071,-1.53556,0.508753,2.04431,-2.24548,-0.754252,1.49122,187.272,318.907,210.348,264.627,54.2795,44.9481,23.7445,34.3463,10.6018,532.23,469.169,63.0611,-1.70403,-1.17138,0.532657,0.434238,2.95284,2.5186
0,122.829,9.14384,65.9863,56.8425,13.8146,12.0209,12.9177,0.896874,154.523,97.1052,57.4176,0.783086,0.924357,0.141271,-2.53531,-1.96671,0.568596,135.131,129.546,111.71,120.628,8.91821,10.5992,6.95738,8.77828,1.8209,222.226,211.322,10.9034,-1.78954,-1.15905,0.630494,-1.49728,-2.91015,-1.41287
0,218.872,61.2991,140.085,78.7863,19.7961,-4.42517,7.68546,12.1106,354.168,249.278,104.89,-1.96138,-1.1785,0.782877,-1.73188,-0.297035,1.43484,73.918,251.89,228.884,240.387,11.503,58.0679,51.8608,54.9643,3.10355,369.961,357.759,12.2028,-1.163,-0.935645,0.227358,-3.72489,-2.97309,0.751801
0,260.123,8.2683,134.196,125.928,18.1818,-18.1818,5.3948e-06,18.1818,706.834,487.222,219.612,-0.812651,-1.96304,-1.15039,3.24428,1.09875,-2.14553,32.2219,139.748,119.613,129.681,10.0679,17.7774,13.7932,15.7853,1.99208,205.515,170.316,35.1999,2.68769,0.765628,-1.92206,-4.52636,-1.47455,3.05182
0,252.244,163.125,207.684,44.5594,13.989,-9.87342,2.0578,11.9312,325.653,268.767,56.8863,-0.0584571,-0.749257,-0.6908,1.12484,-1.18697,-2.31181,83.8234,222.832,160.726,191.779,31.0531,18.1399,5.75192,11.9459,6.19397,272.21,240.34,31.8704,0.8115,0.695357,-0.116143,0.399971,2.36417,1.9642
0,139.35,62.7506,101.05,38.2998,16.8586,11.271,14.0648,2.79377,213.436,110.029,103.408,-1.25261,0.397175,1.64978,-3.29932,-1.7754,1.52392,104.657,62.8014,42.6845,52.7429,10.0584,14.8987,9.77064,12.3346,2.56401,88.8804,75.4761,13.4044,-1.64498,-0.878934,0.766041,0.517699,-1.68157,-2.19927
0,86.1105,62.3883,74.2494,11.8611,6.12664,1.42726,3.77695,2.34969,218.29,179.252,39.0385,-3.38692,-1.52831,1.85861,-1.22335,1.09059,2.31394,46.0017,101.461,67.3032,84.3819,17.0787,9.91486,3.43196,6.67341,3.24145,124.912,86.6536,38.2582,1.6597,0.218073,-1.44163,-0.304474,-1.57448,-1.27
0,77.8798,58.4297,68.1547,9.72505,11.1741,6.10916,8.64161,2.53245,85.5667,75.0032,10.5635,-0.0995755,-0.428357,-0.328781,-2.67248,0.0387473,2.71123,55.3974,93.6801,14.998,54.3391,39.3411,13.6354,1.93586,7.78561,5.84974,271.645,231.33,40.3151,2.29369,2.12708,-0.166617,4.01128,1.57131,-2.43997
0,226.412,135.852,181.132,45.2796,20.0059,9.71494,14.8604,5.14548,343.584,291.149,52.4346,0.505842,1.05119,0.545353,2.50052,1.12937,-1.37116,100.522,150.344,99.3639,124.854,25.49,25.1834,16.1728,20.6781,4.50533,251.818,224.219,27.5996,1.55234,1.18499,-0.367353,1.30981,-1.27002,-2.57983
0,120.579,86.0948,103.337,17.2421,7.7815,-0.69712,3.54219,4.23931,195.065,151.09,43.9756,-0.656139,0.927356,1.58349,2.85422,0.210003,-2.64421,31.2104,126.511,29.4912,78.0009,48.5097,23.9706,2.99373,13.4822,10.4885,381.435,118.796,262.638,3.34682,0.974113,-2.37271,-3.83878,-2.5653,1.27348
0,84.1292,64.6431,74.3861,9.74304,17.7064,17.7064,17.7064,2.38419e-07,157.033,135.612,21.4213,-2.62261,-1.19789,1.42472,-0.481369,-2.8723,-2.39093,135.213,308.21,114.937,211.573,96.6363,47.1848,10.0842,28.6345,18.5503,862.089,219.958,642.131,2.82835,0.247498,-2.58085,-2.83856,-0.988452,1.85011
0,127.588,105.682,116.635,10.9528,5.03339,0.065583,2.54948,2.4839,165.822,154.138,11.6848,-1.07201,-0.781644,0.290364,-4.19333,-2.97594,1.21738,256.559,347.873,253.151,300.512,47.3607,25.4637,1.70543,13.5846,11.8791,1342.72,515.268,827.448,-4.68615,-1.13338,3.55278,1.64664,0.544578,-1.10206
0,132.592,77.6693,105.131,27.4612,10.9589,3.57551,7.26718,3.69168,383.703,211.341,172.362,3.84551,1.32219,-2.52333,-1.57426,-2.38724,-0.812971,104.424,309.733,172.858,241.296,68.4379,59.2287,47.1993,53.214,6.01472,574.394,278.514,295.879,-2.65347,-0.510166,2.14331,3.52058,0.651602,-2.86898
0,165.991,25.9793,95.9851,70.0058,13.4813,-9.20809,2.13663,11.3447,181.447,107.071,74.3759,-0.790565,-0.47566,0.314905,-3.28298,-0.275265,3.00771,69.5707,105.208,53.3477,79.2779,25.9302,15.4897,8.86737,12.1785,3.31114,235.784,204.072,31.7122,-2.24307,-1.59666,0.646413,4.18551,2.76951,-1.416
0,89.5767,54.96,72.2683,17.3083,4.29913,-0.960181,1.66947,2.62965,119.818,102.009,17.8087,-0.691004,-0.878499,-0.187495,1.65598,1.95443,0.298446,72.5792,148.751,94.3554,121.553,27.1979,19.5571,10.232,14.8945,4.66259,217.833,188.455,29.3784,-1.36473,-1.00209,0.362644,1.29418,-0.993831,-2.28801
0,108.682,66.3801,87.5312,21.151,5.62927,4.04198,4.83562,0.793647,132.005,91.2169,40.7878,-0.990232,0.284147,1.27438,1.75058,1.53022,-0.220356,41.7615,181.376,2.14463,91.7603,89.6156,30.3418,2.98024,16.661,13.6808,623.955,530.653,93.302,-2.68388,-2.44001,0.243863,2.82766,0.833782,-1.99388
0,182.224,96.0963,139.16,43.0638,36.985,18.5157,27.7504,9.23466,734.088,592.941,141.147,0.273542,2.12743,1.85388,-4.01878,-1.43986,2.57892,108.798,203.627,81.933,142.78,60.8471,39.1082,20.1702,29.6392,9.469,217.166,148.993,68.1725,0.676348,0.212479,-0.463869,3.47178,2.29113,-1.18065
0,207.072,36.2616,121.667,85.4054,17.974,10.1609,14.0674,3.90651,225.415,127.946,97.469,0.82343,0.299658,-0.523772,3.75492,1.67501,-2.0799,51.6019,209.84,46.3954,128.118,81.7225,17.1951,4.86037,11.0278,6.16739,358.834,276.879,81.9549,-1.40593,-1.40446,0.00146747,-2.47561,-1.28789,1.18772
0,78.2503,57.4935,67.8719,10.3784,5.08537,5.08537,5.08537,1.68587e-07,168.716,157.246,11.4698,-1.02786,-1.48254,-0.454679,-1.6788,-1.72607,-0.0472671,40.1649,138.701,111.796,125.248,13.452,19.6557,16.3003,17.978,1.6777,332.804,263.775,69.0289,-3.69207,-1.37346,2.31861,2.65429,3.04752,0.393224
0,90.0716,70.7679,80.4197,9.65182,13.0861,12.0914,12.5888,0.497324,101.489,82.9567,18.5324,-1.07145,0.197666,1.26912,-5.33678,-2.29912,3.03766,118.097,189.822,79.6629,134.743,55.0797,33.3606,20.5805,26.9705,6.39004,232.385,165.249,67.1363,-1.27933,-0.637183,0.642148,0.330209,1.24699,0.916778
0,120.4,42.7198,81.5596,38.8399,7.88342,4.31285,6.09814,1.78529,224.704,86.1618,138.542,2.27104,0.326503,-1.94453,2.05817,3.00053,0.942358,30.1316,107.94,82.4721,95.2058,12.7337,12.3124,8.07089,10.1917,2.12078,450.913,120.462,330.45,4.65627,0.707309,-3.94896,-2.12577,-0.293472,1.8323
0,93.8452,31.6569,62.751,31.0941,15.1546,3.40648,9.28054,5.87406,167.639,135.721,31.9173,1.53724,1.40361,-0.133624,1.7677,-0.0158542,-1.78355,54.1676,122.888,70.4064,96.6472,26.2408,14.429,1.15912,7.79408,6.63496,513.294,476.448,36.8462,3.12542,2.27785,-0.847563,-2.5925,-2.89467,-0.302166
0,192.077,134.271,163.174,28.9031,9.86245,-1.15703,4.35271,5.50974,220.936,181.051,39.8846,-1.29543,-0.463256,0.832179,1.1769,-0.789405,-1.9663,32.0875,138.305,4.31578,71.3104,66.9946,36.8681,3.38749,20.1278,16.7403,387.309,303.472,83.8372,-2.78556,-2.12503,0.660536,-0.157663,1.98769,2.14536
0,130.13,76.2892,103.21,26.9206,3.21247,1.62659,2.41953,0.792939,201.231,103.849,97.3822,1.85046,-0.108725,-1.95919,-4.1054,-2.56948,1.53592,182.337,259.223,231.819,245.521,13.7018,23.4123,16.2637,19.838,3.5743,428.951,414.74,14.2109,-1.20125,-1.11393,0.0873135,2.1204,1.03397,-1.08643
0,148.665,107.369,128.017,20.6484,3.34399,-3.34399,0,3.34399,263.599,188.372,75.2264,2.90204,0.936449,-1.96559,1.29255,2.52166,1.22911,151.759,308.721,234.455,271.588,37.1329,26.2807,14.1032,20.1919,6.08872,609.46,293.093,316.366,3.2209,0.389001,-2.8319,-1.92779,-0.373544,1.55425
0,151.824,14.8449,83.3344,68.4895,9.32575,9.32574,9.32574,6.60725e-06,760.253,453.121,307.132,0.196591,2.37766,2.18107,-1.27254,0.71411,1.98665,30.2233,201.296,66.4603,133.878,67.4178,29.3552,6.50951,17.9323,11.4228,415.475,238.204,177.271,2.79487,1.1755,-1.61937,-4.46884,-1.42339,3.04546
0,105.388,72.3705,88.8793,16.5088,9.26832,2.33637,5.80235,3.46597,119.573,90.2069,29.3658,-1.33017,-0.160047,1.17012,3.22042,2.57217,-0.648254,116.254,143.115,64.6394,103.877,39.2376,15.0761,3.05203,9.06407,6.01204,364.705,176.942,187.763,-3.37113,-1.12406,2.24707,-0.341766,0.00530129,0.347067
0,72.08,55.0532,63.5666,8.51338,5.41299,3.01596,4.21447,1.19851,112.767,101.644,11.1238,-0.289826,-1.04507,-0.755247,1.78285,-0.325249,-2.1081,48.3319,128.413,63.8109,96.1122,32.3013,16.7289,0.480343,8.60464,8.1243,216.301,180.468,35.833,-1.6404,-1.24192,0.398479,4.74275,1.80546,-2.93729
0,126.248,20.2113,73.2298,53.0185,10.8677,-2.50265,4.1825,6.68515,221.923,121.915,100.008,-2.34252,-1.09649,1.24603,0.527501,3.05124,2.52374,41.7547,102.797,22.5248,62.6609,40.1361,11.077,-0.0429912,5.51701,5.56,533.854,416.162,117.692,-4.318,-2.58068,1.73732,-1.15627,-0.524366,0.631902
0,71.4241,52.5414,61.9828,9.44137,13.4211,11.6103,12.5157,0.905396,189.346,177.105,12.2411,-0.960289,-1.70823,-0.74794,-4.09047,-2.44096,1.64951,45.698,131.195,92.6078,111.901,19.2937,26.1264,18.8855,22.5059,3.62042,225.015,204.902,20.113,-1.43125,-1.20617,0.225076,1.61344,2.01905,0.405614
0,96.754,44.4277,70.5908,26.1631,5.44546,-2.52706,1.4592,3.98626,146.645,88.0172,58.6275,-2.13215,-0.688721,1.44343,-0.436373,1.99116,2.42754,118.076,211.943,188.833,200.388,11.5548,26.4085,21.6685,24.0385,2.36998,214.074,202.006,12.0672,-0.261451,-0.0427434,0.218708,-0.467641,-1.08846,-0.620823
0,111.526,78.4539,94.99,16.5361,11.4109,8.45475,9.93281,1.47806,144.438,122.047,22.3914,-1.54786,-0.732609,0.815253,0.284518,2.41253,2.12802,69.5931,152.872,129.489,141.181,11.6915,24.4457,19.6338,22.0397,2.40596,546.248,533.581,12.6664,2.35881,2.00385,-0.354959,-3.2452,-0.255009,2.9902
0,555.872,213.094,384.483,171.389,82.3484,67.7918,75.0701,7.27833,569.854,398.311,171.544,-0.186477,-0.18627,0.00020713,-2.96333,-1.59863,1.3647,193.853,201.191,160.353,180.772,20.4187,12.7034,8.01743,10.3604,2.34297,411.455,389.346,22.1092,-1.7903,-1.40112,0.38918,3.85986,2.63643,-1.22344
0,195.937,119.978,157.957,37.9796,15.9743,12.6584,14.3163,1.65795,508.911,407.599,101.311,-0.0364225,1.60058,1.63701,4.50191,1.79033,-2.71158,33.746,166.644,138.266,152.455,14.1888,9.66304,3.75929,6.71116,2.95187,797.12,781.933,15.1867,2.63304,2.31837,-0.314678,-0.697581,-1.45411,-0.756528
0,159.928,106.039,132.983,26.9447,15.8246,14.1329,14.9788,0.845853,431.305,403.891,27.4135,1.95874,1.77507,-0.18367,4.21936,1.2882,-2.93116,49.5259,104.081,61.7793,82.9302,21.1509,12.2741,2.83922,7.55668,4.71746,137.917,107.659,30.2581,-1.63061,-0.750362,0.880248,-1.57312,-1.93079,-0.357676
0,222.84,124.491,173.665,49.1746,17.4477,16.0573,16.7525,0.695186,383.239,268.011,115.228,0.498082,-0.997583,-1.49566,-0.461617,2.48022,2.94184,46.1476,187.951,167.383,177.667,10.2841,33.1033,29.3991,31.2512,1.85209,399.859,384.8,15.0597,2.32346,1.40408,-0.919382,-2.29932,-0.573352,1.72597
0,126.05,89.2787,107.664,18.3855,2.4398,-2.4398,0,2.4398,282.634,126.19,156.444,-3.40922,-0.578529,2.83069,0.188091,0.232624,0.0445329,46.0389,159.788,130.971,145.379,14.4084,23.4898,19.8899,21.6899,1.79997,185.422,157.888,27.5342,1.64826,0.386805,-1.26145,4.54689,3.01518,-1.53171
0,98.1161,80.9115,89.5138,8.60232,10.6917,9.70883,10.2003,0.491458,147.686,117.019,30.6665,1.18468,-0.759193,-1.94387,0.357537,0.216573,-0.140964,67.071,153.985,130.909,142.447,11.5383,20.1796,18.1565,19.168,1.01156,240.135,228.313,11.8214,-1.24817,-1.04467,0.203502,-4.27839,-2.58751,1.69088
0,90.7615,39.6656,65.2135,25.548,6.63607,-4.71962,0.958222,5.67785,186.882,67.4623,119.419,2.48391,0.261475,-2.22243,1.53888,-0.371736,-1.91062,38.2054,89.0196,47.8243,68.422,20.5976,9.89639,1.651,5.7737,4.1227,392.66,164.772,227.887,4.61976,1.52514,-3.09461,-0.0120778,2.87192,2.884
0,108.29,70.7909,89.5402,18.7493,16.3105,4.74824,10.5294,5.78113,221.732,94.479,127.253,-2.91212,-0.310468,2.60165,-1.12361,1.09339,2.21701,34.1727,136.858,87.4594,112.159,24.6991,14.8517,7.3487,11.1002,3.75151,437.513,377.887,59.6268,-3.41094,-1.88459,1.52635,3.67062,2.36434,-1.30629
0,155.621,118.054,136.838,18.7835,19.3705,17.472,18.4213,0.949232,214.809,194.771,20.0375,-0.523978,-0.884146,-0.360168,3.71412,1.72208,-1.99204,58.8639,160.476,79.3146,119.895,40.5807,16.2362,-2.57999,6.8281,9.40809,393.523,350.881,42.642,1.95892,1.73622,-0.222704,-1.05168,-1.98664,-0.934959
0,105.7,75.533,90.6163,15.0833,7.27981,1.27478,4.2773,3.00251,365.997,97.9501,268.047,3.17273,-0.397136,-3.56986,-0.669239,-1.22134,-0.552098,63.0552,231.219,16.0705,123.645,107.574,32.639,-10.5446,11.0472,21.5918,445.297,251.967,193.33,-2.52089,-1.33743,1.18346,-4.41703,-2.97902,1.43801
0,155.688,9.92874,82.8084,72.8797,14.7121,-2.9222,5.89493,8.81713,174.391,89.3237,85.0674,-0.948275,-0.388269,0.560006,-2.32449,0.436948,2.76144,34.4977,77.8971,56.6281,67.2626,10.6345,8.3512,3.9928,6.172,2.1792,304.881,86.2227,218.658,-4.44604,-0.730125,3.71591,-0.026243,-2.15713,-2.13089
0,145.829,90.802,118.315,27.5135,21.3762,14.7193,18.0478,3.32846,253.687,119.968,133.719,2.19345,-0.0696889,-2.26314,1.04422,-1.4989,-2.54312,70.6068,131.22,110.679,120.949,10.2706,8.44385,1.88045,5.16215,3.2817,194.056,124.807,69.2489,2.8433,0.248415,-2.59488,2.9318,1.76759,-1.16421
0,236.478,49.0392,142.758,93.7193,45.0187,32.3406,38.6796,6.33904,534.547,154.718,379.83,1.76393,-0.312911,-2.07684,-1.85726,0.274051,2.13131,33.1745,164.807,59.2911,112.049,52.7581,27.812,5.7295,16.7707,11.0412,368.489,303.227,65.2618,-2.30155,-1.65101,0.650539,0.706565,-1.77951,-2.48608
0,171.933,124.625,148.279,23.6542,42.2511,39.94,41.0956,1.15554,398.374,370.471,27.9026,2.14847,1.55937,-0.589099,1.05035,1.0531,0.00275429,52.9276,446.783,267.529,357.156,89.627,62.9044,40.0488,51.4766,11.4278,797.528,701.673,95.8545,-1.64308,-1.29315,0.349934,-4.11622,-1.78381,2.33241
0,333.439,286.267,309.853,23.586,15.4675,8.90774,12.1876,3.27986,449.725,369.154,80.5707,-1.2904,0.608218,1.89861,0.218411,-0.923343,-1.14175,85.3819,326.638,189.741,258.19,68.4485,55.8921,25.7638,40.828,15.0641,744.736,671.694,73.0413,1.90418,1.60808,-0.296095,1.78634,2.70769,0.921348
